destination,city,county,countryCode,timezone,note,startDate,endDate
Treehouse Villa,Janja,Bosnia and Herzegovina,BA,Europe/Sarajevo,wonderful ambiance,6/13/2026,2/10/2026
Beachfront Villa,Huage,China,CN,Asia/Chongqing,breath taking views,7/28/2026,9/25/2026
Safari Tent,Norrköping,Sweden,SE,Europe/Stockholm,amazing vibes,3/10/2026,2/20/2026
Ski Resort,Xinzhou,China,CN,Asia/Shanghai,beautiful scenery,3/18/2026,12/24/2026
Island Villa,Kuhmoinen,Finland,FI,Europe/Helsinki,beautiful scenery,4/9/2026,11/28/2026
Historic Mansion,Rîşcani,Moldova,MD,Europe/Chisinau,wonderful ambiance,10/17/2026,4/18/2026
Rainforest Cabin,Las Tunas,Cuba,CU,America/Havana,serene atmosphere,5/3/2026,9/26/2026
Jungle Treehouse,San Andres,Philippines,PH,Asia/Manila,breath taking views,10/1/2026,5/13/2026
Historic Mansion,Bayt ‘Adhāqah,Yemen,YE,Asia/Aden,amazing vibes,1/2/2026,12/7/2026
Ski Resort,Inuyama,Japan,JP,Asia/Tokyo,beautiful scenery,8/26/2026,2/20/2026
Luxury Yacht,Moriya,Japan,JP,Asia/Tokyo,amazing vibes,7/11/2026,3/5/2026
Ski Chalet,Một Ngàn,Vietnam,VN,Asia/Ho_Chi_Minh,amazing vibes,6/21/2026,1/18/2026
Glamping Tent,Slavyansk-na-Kubani,Russia,RU,Europe/Moscow,beautiful scenery,4/8/2026,1/9/2026
Cozy B&B,Mogok,Myanmar,MM,Asia/Rangoon,beautiful scenery,4/4/2026,1/15/2026
Luxury Resort,Libiąż,Poland,PL,Europe/Warsaw,amazing vibes,10/20/2026,4/7/2026
Treehouse Villa,Itaí,Brazil,BR,America/Sao_Paulo,breath taking views,10/7/2026,6/12/2026
Cozy Cabin,Lingkou,China,CN,Asia/Shanghai,serene atmosphere,12/24/2026,8/31/2026
City Penthouse,Freetown,Sierra Leone,SL,Africa/Freetown,amazing vibes,8/28/2026,5/7/2026
Luxury Yacht,Costa Sacate,Argentina,AR,America/Argentina/Cordoba,amazing vibes,7/9/2026,4/11/2026
European Castle,Xiamayu,China,CN,Asia/Shanghai,perfect weather,8/12/2026,2/2/2026
Treehouse Retreat,Dallas,United States,US,America/Chicago,beautiful scenery,7/20/2026,12/27/2026
Island Retreat,Tangkilsari,Indonesia,ID,Asia/Jakarta,perfect weather,1/25/2026,6/1/2026
Tropical Retreat,Urayasu,Japan,JP,Asia/Tokyo,serene atmosphere,1/30/2026,1/4/2027
City Townhouse,Lühua,China,CN,Asia/Shanghai,breath taking views,9/26/2026,2/28/2026
Urban Studio,Zhongshu,China,CN,Asia/Chongqing,wonderful ambiance,9/28/2026,10/17/2026
Lakefront Cottage,Ningxin,China,CN,Asia/Shanghai,nostalgic vibes,11/3/2026,4/16/2026
Urban Loft,Danglang Hudong,China,CN,Asia/Harbin,perfect weather,6/16/2026,3/17/2026
Ski Resort,Sedayu,Indonesia,ID,Asia/Jakarta,nostalgic vibes,4/27/2026,8/29/2026
Mountain Chalet,Yeniugou,China,CN,Asia/Chongqing,breath taking views,5/8/2026,8/2/2026
Ski Resort,Oulmes,Morocco,MA,Africa/Casablanca,beautiful scenery,8/14/2026,6/21/2026
Rainforest Cabin,Tambulatana,Indonesia,ID,Asia/Makassar,breath taking views,7/23/2026,3/20/2026
Ski Chalet,Las Minas,Panama,PA,America/Panama,serene atmosphere,1/5/2026,4/3/2026
Mountain Retreat,Huangnan,China,CN,Asia/Shanghai,serene atmosphere,6/5/2026,5/24/2026
Mountain Retreat,Cinyawar,Indonesia,ID,Asia/Jakarta,breath taking views,7/3/2026,2/25/2026
Island Villa,Karangmulyo,Indonesia,ID,Asia/Jakarta,breath taking views,5/27/2026,6/21/2026
Cozy B&B,Piława Górna,Poland,PL,Europe/Warsaw,amazing vibes,7/11/2026,4/16/2026
Treehouse Villa,Al Ḩāmūl,Egypt,EG,Africa/Cairo,serene atmosphere,8/28/2026,10/4/2026
Cozy B&B,Mitake,Japan,JP,Asia/Tokyo,wonderful ambiance,8/21/2026,11/23/2026
Rainforest Cabin,Maasin,Philippines,PH,Asia/Manila,breath taking views,7/9/2026,7/22/2026
European Castle,Xieqiao,China,CN,Asia/Shanghai,wonderful ambiance,5/18/2026,4/26/2026
City Townhouse,Kertahayu,Indonesia,ID,Asia/Jakarta,wonderful ambiance,5/10/2026,10/24/2026
Riverside Cabin,Zhushan,China,CN,Asia/Shanghai,beautiful scenery,3/24/2026,11/11/2026
Beach House,Mayumba,Gabon,GA,Africa/Libreville,wonderful ambiance,4/14/2026,9/25/2026
Seaside Cottage,Anahawan,Philippines,PH,Asia/Manila,wonderful ambiance,6/18/2026,5/13/2026
Treehouse Villa,Subusub,Philippines,PH,Asia/Manila,wonderful ambiance,6/2/2026,2/22/2026
Urban Studio,Lijiapu,China,CN,Asia/Chongqing,breath taking views,10/27/2026,1/3/2026
Lake House,Querecotillo,Peru,PE,America/Lima,amazing vibes,7/15/2026,5/25/2026
Ski Lodge,Nāḩiyat Alī ash Sharqī,Iraq,IQ,Asia/Baghdad,serene atmosphere,7/17/2026,5/18/2026
Rainforest Cabin,Bodø,Norway,NO,Europe/Oslo,amazing vibes,5/18/2026,8/15/2026
Beach Resort,San Carlos de Bolívar,Argentina,AR,America/Argentina/Buenos_Aires,beautiful scenery,3/22/2026,3/31/2026
City Townhouse,Itapaci,Brazil,BR,America/Sao_Paulo,wonderful ambiance,3/19/2026,10/24/2026
Cozy Cabin,Thị Trấn Vạn Hà,Vietnam,VN,Asia/Ho_Chi_Minh,serene atmosphere,1/28/2026,3/25/2026
Treehouse Retreat,Tanggeung Kolot,Indonesia,ID,Asia/Jakarta,wonderful ambiance,12/5/2026,4/19/2026
Mountain Cabin,Baltimore,United States,US,America/New_York,wonderful ambiance,8/18/2026,8/23/2026
Cozy B&B,Gondar,Ethiopia,ET,Africa/Addis_Ababa,beautiful scenery,4/12/2026,6/6/2026
Luxury Resort,Chita,Russia,RU,Asia/Yakutsk,breath taking views,4/21/2026,6/17/2026
Island Villa,Lanjaghbyur,Armenia,AM,Asia/Yerevan,nostalgic vibes,12/2/2026,9/11/2026
Cozy Cabin,Pār Naogaon,Bangladesh,BD,Asia/Dhaka,breath taking views,1/29/2026,4/6/2026
Desert Oasis,Qingyun,China,CN,Asia/Chongqing,beautiful scenery,1/23/2026,5/28/2026
Ski Chalet,Fubei,China,CN,Asia/Shanghai,breath taking views,8/12/2026,8/5/2026
Luxury Yacht,Changjiang,China,CN,Asia/Shanghai,serene atmosphere,3/9/2026,8/10/2026
Cozy B&B,Huangliu,China,CN,Asia/Chongqing,wonderful ambiance,4/14/2026,1/4/2027
Rainforest Cabin,Saguiaran,Philippines,PH,Asia/Manila,nostalgic vibes,3/22/2026,7/26/2026
Historic Manor,Łęki,Poland,PL,Europe/Warsaw,nostalgic vibes,12/15/2026,12/13/2026
Glamping Tent,Pereira,Portugal,PT,Europe/Lisbon,breath taking views,10/17/2026,2/11/2026
Luxury Resort,Bintulu,Malaysia,MY,Asia/Kuching,nostalgic vibes,2/21/2026,1/30/2026
Treehouse Retreat,Yezhou,China,CN,Asia/Chongqing,nostalgic vibes,6/13/2026,8/28/2026
Island Villa,Balangiga,Philippines,PH,Asia/Manila,nostalgic vibes,9/18/2026,6/17/2026
Cozy Cabin,Ábidos,Brazil,BR,America/Santarem,beautiful scenery,1/16/2026,6/6/2026
Mountain Chalet,San Antonio,Peru,PE,America/Lima,wonderful ambiance,4/16/2026,10/17/2026
Lakeside Chalet,Monastyrishche,Russia,RU,Asia/Vladivostok,amazing vibes,11/14/2026,6/21/2026
Rainforest Cabin,Yangjia,China,CN,Asia/Shanghai,breath taking views,3/4/2026,3/21/2026
Lakeside Chalet,Yermish’,Russia,RU,Europe/Moscow,wonderful ambiance,6/20/2026,6/22/2026
Mountain Retreat,Nianqiao,China,CN,Asia/Chongqing,wonderful ambiance,5/16/2026,7/21/2026
Safari Lodge,Dagang,China,CN,Asia/Shanghai,amazing vibes,2/10/2026,1/22/2026
European Castle,Turangi,New Zealand,NZ,Pacific/Auckland,wonderful ambiance,6/4/2026,11/7/2026
Seaside Cottage,Gombe,Uganda,UG,Africa/Kampala,breath taking views,7/19/2026,6/5/2026
Seaside Cottage,Vila Verde,Portugal,PT,Europe/Lisbon,amazing vibes,2/2/2026,10/15/2026
Mountain Chalet,Yasothon,Thailand,TH,Asia/Bangkok,nostalgic vibes,12/6/2026,12/9/2026
Rainforest Cabin,Xiatang,China,CN,Asia/Shanghai,beautiful scenery,9/21/2026,8/24/2026
Tropical Island,Herceg-Novi,Montenegro,ME,Europe/Sarajevo,nostalgic vibes,1/6/2026,11/7/2026
Mountain Cabin,Nerchinsk,Russia,RU,Asia/Yakutsk,breath taking views,9/8/2026,5/27/2026
Rustic Farmhouse,Creil,France,FR,Europe/Paris,breath taking views,4/7/2026,12/3/2026
Urban Loft,Iwata,Japan,JP,Asia/Tokyo,perfect weather,8/28/2026,2/18/2026
Luxury Yacht,Palencia,Guatemala,GT,America/Guatemala,amazing vibes,11/16/2026,5/29/2026
Ski Chalet,Ciawi,Indonesia,ID,Asia/Jakarta,amazing vibes,12/22/2026,7/20/2026
Beach House,Xiadong,China,CN,Asia/Chongqing,breath taking views,6/14/2026,9/12/2026
Ski Chalet,Rat Burana,Thailand,TH,Asia/Bangkok,amazing vibes,4/28/2026,4/26/2026
City Townhouse,Rengasdengklok,Indonesia,ID,Asia/Jakarta,amazing vibes,10/16/2026,4/26/2026
City Townhouse,Yuyang,China,CN,Asia/Chongqing,beautiful scenery,7/7/2026,11/22/2026
Beachfront Villa,Compiègne,France,FR,Europe/Paris,beautiful scenery,7/13/2026,3/30/2026
Historic Mansion,Karlskrona,Sweden,SE,Europe/Stockholm,breath taking views,8/9/2026,11/17/2026
Mountain Chalet,Drammen,Norway,NO,Europe/Oslo,perfect weather,11/13/2026,6/10/2026
Mountain Chalet,Passos,Portugal,PT,Europe/Lisbon,breath taking views,1/13/2026,12/17/2026
Countryside Villa,Santa Maria,Mexico,MX,America/Merida,breath taking views,11/4/2026,10/20/2026
Mountain Chalet,Taibai,China,CN,Asia/Chongqing,breath taking views,9/3/2026,9/13/2026
Rustic Lodge,Bira,Russia,RU,Asia/Vladivostok,beautiful scenery,7/9/2026,5/1/2026
City Townhouse,Bilar,Philippines,PH,Asia/Manila,perfect weather,2/8/2026,9/12/2026
Ski Resort,Longping,China,CN,Asia/Chongqing,perfect weather,2/5/2026,8/22/2026
Luxury Resort,Cangshan,China,CN,Asia/Harbin,amazing vibes,12/2/2026,9/3/2026
Historic Mansion,Ivanishchi,Russia,RU,Europe/Moscow,wonderful ambiance,2/10/2026,9/30/2026
Island Villa,Belalcazar,Colombia,CO,America/Bogota,nostalgic vibes,4/4/2026,12/7/2026
Historic Manor,Xinmin,China,CN,Asia/Chongqing,serene atmosphere,4/21/2026,6/7/2026
Lakeside Chalet,Aix-en-Provence,France,FR,Europe/Paris,serene atmosphere,7/16/2026,9/13/2026
European Castle,Iberia,Peru,PE,America/Lima,breath taking views,11/1/2026,5/19/2026
Jungle Treehouse,Norsborg,Sweden,SE,Europe/Stockholm,nostalgic vibes,7/18/2026,8/4/2026
Beach House,São Domingos,Cape Verde,CV,Atlantic/Cape_Verde,serene atmosphere,2/14/2026,4/22/2026
City Apartment,Taloy,Philippines,PH,Asia/Manila,perfect weather,11/8/2026,12/23/2026
Rainforest Lodge,Muleng,China,CN,Asia/Harbin,nostalgic vibes,10/8/2026,2/7/2026
Countryside Villa,Aragarças,Brazil,BR,America/Sao_Paulo,serene atmosphere,6/15/2026,6/20/2026
Urban Studio,Rafael Perazza,Uruguay,UY,America/Montevideo,nostalgic vibes,7/25/2026,12/9/2026
Beachfront Villa,Armen,Albania,AL,Europe/Tirane,serene atmosphere,12/24/2026,6/7/2026
Beachfront Villa,Changxuanling,China,CN,Asia/Shanghai,beautiful scenery,7/24/2026,10/13/2026
Ski Resort,São Sebastião do Paraíso,Brazil,BR,America/Sao_Paulo,breath taking views,6/14/2026,10/22/2026
Countryside Cottage,Tama,Argentina,AR,America/Argentina/La_Rioja,beautiful scenery,12/14/2026,11/18/2026
Tropical Bungalow,Paquera,Costa Rica,CR,America/Costa_Rica,serene atmosphere,10/15/2026,8/18/2026
Historic Mansion,Parque Industrial,Mexico,MX,America/Hermosillo,nostalgic vibes,9/25/2026,6/9/2026
Luxury Resort,Naranjito,Ecuador,EC,America/Guayaquil,perfect weather,11/21/2026,11/29/2026
Cozy B&B,Gumuk Tengah,Indonesia,ID,Asia/Jakarta,serene atmosphere,10/19/2026,8/27/2026
Rainforest Cabin,Kuznetsovs’k,Ukraine,UA,Europe/Kiev,perfect weather,9/26/2026,3/11/2026
Mountain Cabin,Sélestat,France,FR,Europe/Paris,nostalgic vibes,10/20/2026,11/27/2026
Safari Lodge,An Naşşārīyah,Palestinian Territory,PS,Asia/Hebron,wonderful ambiance,1/5/2026,7/12/2026
Ski Resort,Valleymount,Ireland,IE,Europe/Dublin,breath taking views,5/3/2026,10/26/2026
Treehouse Retreat,Kalinovskaya,Russia,RU,Europe/Moscow,wonderful ambiance,3/6/2026,8/21/2026
Beachfront Villa,Ufa,Russia,RU,Asia/Yekaterinburg,breath taking views,8/1/2026,9/29/2026
Seaside Cottage,Zastron,South Africa,ZA,Africa/Maseru,perfect weather,7/19/2026,11/22/2026
Lakeside Lodge,Nanmuping,China,CN,Asia/Chongqing,nostalgic vibes,3/7/2026,10/28/2026
Safari Tent,Doblas,Argentina,AR,America/Argentina/Salta,nostalgic vibes,12/17/2026,9/27/2026
Tropical Island,Gornji Grad,Slovenia,SI,Europe/Ljubljana,nostalgic vibes,1/13/2026,11/18/2026
City Penthouse,Pudasjärvi,Finland,FI,Europe/Helsinki,wonderful ambiance,7/23/2026,12/30/2026
Seaside Cottage,Ituberá,Brazil,BR,America/Bahia,perfect weather,11/9/2026,12/5/2026
Luxury Yacht,Zhongshanlu,China,CN,Asia/Chongqing,beautiful scenery,8/20/2026,10/24/2026
Lakefront Cottage,Krajan Tegalombo,Indonesia,ID,Asia/Jakarta,serene atmosphere,3/19/2026,8/15/2026
Safari Tent,Pengbu,China,CN,Asia/Shanghai,amazing vibes,3/4/2026,1/2/2027
Treehouse Retreat,Monze,Zambia,ZM,Africa/Lusaka,nostalgic vibes,1/3/2026,6/5/2026
Cozy B&B,Wuli,China,CN,Asia/Chongqing,nostalgic vibes,4/2/2026,3/31/2026
Glamping Dome,Bechlín,Czech Republic,CZ,Europe/Prague,nostalgic vibes,5/6/2026,2/2/2026
Riverside Cabin,Māmūnīyeh,Iran,IR,Asia/Tehran,beautiful scenery,1/31/2026,8/22/2026
Rustic Farmhouse,Ganta,Liberia,LR,Africa/Monrovia,serene atmosphere,3/9/2026,1/3/2026
Glamping Tent,Florida,Cuba,CU,America/Havana,breath taking views,5/15/2026,6/6/2026
Glamping Tent,Shenshu,China,CN,Asia/Harbin,wonderful ambiance,5/12/2026,11/28/2026
Luxury Yacht,Kuwayris Sharqī,Syria,SY,Asia/Damascus,perfect weather,12/3/2026,3/28/2026
Rainforest Lodge,Trondheim,Norway,NO,Europe/Oslo,beautiful scenery,2/5/2026,9/30/2026
Lake House,Xiawa,China,CN,Asia/Harbin,wonderful ambiance,3/20/2026,5/9/2026
European Castle,La Palma,Mexico,MX,America/Mexico_City,nostalgic vibes,2/20/2026,2/19/2026
Rustic Lodge,Nankai,China,CN,Asia/Chongqing,nostalgic vibes,1/15/2026,4/12/2026
Beachfront Villa,Zishan,China,CN,Asia/Shanghai,breath taking views,2/16/2026,7/16/2026
Tropical Bungalow,Zbiroh,Czech Republic,CZ,Europe/Prague,nostalgic vibes,8/30/2026,1/18/2026
Lakefront Cottage,Tokyo,Japan,JP,Asia/Tokyo,breath taking views,4/4/2026,5/26/2026
City Penthouse,Oslo,Norway,NO,Europe/Oslo,amazing vibes,11/21/2026,1/2/2026
Tropical Bungalow,Diadi,Philippines,PH,Asia/Manila,wonderful ambiance,3/3/2026,12/1/2026
Glamping Dome,Donskoye,Russia,RU,Europe/Moscow,wonderful ambiance,7/17/2026,10/2/2026
European Castle,Şabāḩ as Sālim,Kuwait,KW,Asia/Kuwait,amazing vibes,2/19/2026,6/11/2026
Ski Chalet,Kaduengang,Indonesia,ID,Asia/Jakarta,amazing vibes,12/15/2026,3/20/2026
Glamping Dome,Oeiras,Brazil,BR,America/Fortaleza,serene atmosphere,12/5/2026,9/27/2026
Lake House,Trới,Vietnam,VN,Asia/Ho_Chi_Minh,wonderful ambiance,6/15/2026,9/6/2026
Safari Lodge,Cirangkong,Indonesia,ID,Asia/Jakarta,amazing vibes,5/29/2026,5/4/2026
Island Retreat,Nanzhai,China,CN,Asia/Shanghai,wonderful ambiance,2/18/2026,7/21/2026
Beach House,Lagasit,Philippines,PH,Asia/Manila,serene atmosphere,5/1/2026,6/23/2026
Lakeside Lodge,Parksville,Canada,CA,America/Vancouver,breath taking views,9/23/2026,9/24/2026
Lake House,Vila Fria,Portugal,PT,Europe/Lisbon,nostalgic vibes,8/13/2026,1/20/2026
Luxury Resort,Le Puy-en-Velay,France,FR,Europe/Paris,beautiful scenery,1/11/2026,10/25/2026
Cozy B&B,Lākshām,Bangladesh,BD,Asia/Dhaka,wonderful ambiance,5/10/2026,12/12/2026
Island Retreat,Chyňava,Czech Republic,CZ,Europe/Prague,amazing vibes,8/3/2026,10/5/2026
Cozy B&B,Pasadena,United States,US,America/Los_Angeles,serene atmosphere,5/13/2026,1/3/2027
Historic Mansion,Ikalamavony,Madagascar,MG,Indian/Antananarivo,wonderful ambiance,9/14/2026,7/4/2026
City Townhouse,Cai Doi Vam,Vietnam,VN,Asia/Ho_Chi_Minh,beautiful scenery,12/18/2026,5/24/2026
European Castle,Zhangting,China,CN,Asia/Shanghai,wonderful ambiance,7/4/2026,10/25/2026
Countryside Villa,Bang Phlat,Thailand,TH,Asia/Bangkok,wonderful ambiance,11/11/2026,8/20/2026
Historic Manor,Xuancheng,China,CN,Asia/Shanghai,serene atmosphere,10/21/2026,12/7/2026
Lakeside Chalet,Saint-Quentin-en-Yvelines,France,FR,Europe/Paris,breath taking views,10/29/2026,4/21/2026
Rainforest Cabin,Ocote Paulino,Honduras,HN,America/Tegucigalpa,wonderful ambiance,3/26/2026,5/27/2026
Seaside Bungalow,Jarocin,Poland,PL,Europe/Warsaw,wonderful ambiance,5/30/2026,6/6/2026
Rustic Farmhouse,Fort Myers,United States,US,America/New_York,amazing vibes,7/1/2026,5/18/2026
Beachfront Villa,Osby,Sweden,SE,Europe/Stockholm,amazing vibes,5/3/2026,4/26/2026
Rustic Lodge,Vlachovo Březí,Czech Republic,CZ,Europe/Prague,beautiful scenery,11/24/2026,10/12/2026
Desert Oasis,Penedono,Portugal,PT,Europe/Lisbon,nostalgic vibes,6/25/2026,4/7/2026
Jungle Bungalow,Piracuruca,Brazil,BR,America/Fortaleza,nostalgic vibes,3/14/2026,9/5/2026
Mountain Chalet,Périgny,France,FR,Europe/Paris,wonderful ambiance,2/18/2026,2/5/2026
Glamping Dome,Xinhui,China,CN,Asia/Chongqing,beautiful scenery,1/9/2026,5/10/2026
Safari Tent,Le Raincy,France,FR,Europe/Paris,amazing vibes,3/29/2026,1/23/2026
Glamping Dome,Hengfeng,China,CN,Asia/Shanghai,amazing vibes,12/13/2026,5/12/2026
Historic Mansion,Mrozy,Poland,PL,Europe/Warsaw,perfect weather,5/8/2026,12/7/2026
European Castle,Czerwionka-Leszczyny,Poland,PL,Europe/Warsaw,serene atmosphere,5/4/2026,12/17/2026
Historic Manor,Muara,Indonesia,ID,Asia/Jakarta,amazing vibes,7/24/2026,3/25/2026
Rustic Lodge,Elbasan,Albania,AL,Europe/Tirane,beautiful scenery,4/21/2026,4/5/2026
Lakeside Lodge,Ngã Bảy,Vietnam,VN,Asia/Ho_Chi_Minh,perfect weather,5/28/2026,5/11/2026
Rainforest Lodge,Krumvíř,Czech Republic,CZ,Europe/Prague,wonderful ambiance,6/9/2026,2/16/2026
Rainforest Cabin,Bueng Samakkhi,Thailand,TH,Asia/Bangkok,nostalgic vibes,12/5/2026,2/11/2026
Luxury Yacht,Parumaan,Indonesia,ID,Asia/Makassar,beautiful scenery,5/4/2026,9/26/2026
Ski Resort,Ngembel,Indonesia,ID,Asia/Jakarta,serene atmosphere,12/10/2026,4/5/2026
Treehouse Villa,Fenoarivo Be,Madagascar,MG,Indian/Antananarivo,wonderful ambiance,5/27/2026,8/20/2026
Safari Lodge,Uvarovo,Russia,RU,Europe/Moscow,perfect weather,1/16/2026,8/5/2026
Historic Manor,Kirkuk,Iraq,IQ,Asia/Baghdad,perfect weather,6/19/2026,7/20/2026
Glamping Tent,Göteborg,Sweden,SE,Europe/Stockholm,breath taking views,9/7/2026,7/18/2026
City Penthouse,Manyana,Botswana,BW,Africa/Windhoek,perfect weather,3/22/2026,8/20/2026
City Townhouse,Wuli,China,CN,Asia/Chongqing,breath taking views,9/3/2026,7/7/2026
Rainforest Cabin,Al Jaghbūb,Libya,LY,Africa/Tripoli,beautiful scenery,5/21/2026,3/15/2026
European Castle,San Bautista,Uruguay,UY,America/Montevideo,breath taking views,5/1/2026,4/28/2026
Cozy B&B,Sanhui,China,CN,Asia/Chongqing,beautiful scenery,8/6/2026,1/4/2027
Desert Oasis,Dalo,Indonesia,ID,Asia/Makassar,serene atmosphere,9/4/2026,4/12/2026
Mountain Cabin,São Lourenço de Mamporcão,Portugal,PT,Europe/Lisbon,beautiful scenery,1/4/2026,2/19/2026
Rustic Lodge,Yili,China,CN,Asia/Harbin,serene atmosphere,10/11/2026,8/3/2026
Rustic Farmhouse,Triesenberg,Liechtenstein,LI,Europe/Vaduz,nostalgic vibes,7/31/2026,6/15/2026
Glamping Dome,Annecy,France,FR,Europe/Paris,serene atmosphere,2/8/2026,10/24/2026
Rainforest Cabin,Bumirejo,Indonesia,ID,Asia/Jakarta,perfect weather,5/23/2026,1/4/2027
Ski Resort,Gnieżdżewo,Poland,PL,Europe/Warsaw,breath taking views,2/14/2026,6/16/2026
Island Villa,Ifo,Nigeria,NG,Africa/Lagos,amazing vibes,8/19/2026,1/31/2026
Lakefront Cottage,Ivot,Russia,RU,Europe/Moscow,breath taking views,2/6/2026,5/10/2026
Tropical Retreat,Inírida,Colombia,CO,America/Caracas,breath taking views,4/30/2026,3/28/2026
Seaside Cottage,Cateel,Philippines,PH,Asia/Manila,serene atmosphere,4/20/2026,8/30/2026
Island Villa,Onega,Russia,RU,Europe/Moscow,beautiful scenery,8/26/2026,8/12/2026
Urban Loft,Putukrejo,Indonesia,ID,Asia/Jakarta,amazing vibes,9/27/2026,2/27/2026
Luxury Resort,Jaguaribe,Brazil,BR,America/Fortaleza,amazing vibes,1/17/2026,8/7/2026
Historic Mansion,Novoye Leushino,Russia,RU,Europe/Moscow,breath taking views,8/25/2026,7/16/2026
Urban Loft,Ouro Branco,Brazil,BR,America/Sao_Paulo,perfect weather,8/18/2026,10/25/2026
Jungle Treehouse,Chicago,United States,US,America/Chicago,serene atmosphere,12/9/2026,1/18/2026
Mountain Retreat,Kano,Nigeria,NG,Africa/Lagos,serene atmosphere,10/12/2026,12/8/2026
Rainforest Lodge,Kudus,Indonesia,ID,Asia/Jakarta,serene atmosphere,1/22/2026,11/8/2026
Mountain Retreat,Không,Laos,LA,Asia/Phnom_Penh,wonderful ambiance,7/13/2026,8/26/2026
Mountain Chalet,Suva Reka,Kosovo,XK,Europe/Belgrade,wonderful ambiance,10/6/2026,10/11/2026
Lake House,Krajan Dua Sumbersari,Indonesia,ID,Asia/Jakarta,wonderful ambiance,10/5/2026,7/21/2026
Seaside Cottage,Itararé,Brazil,BR,America/Sao_Paulo,breath taking views,6/18/2026,12/2/2026
Seaside Cottage,Longbei,China,CN,Asia/Shanghai,breath taking views,10/12/2026,9/6/2026
Safari Tent,Huacheng,China,CN,Asia/Chongqing,beautiful scenery,7/22/2026,2/8/2026
Safari Tent,Vrbovec,Czech Republic,CZ,Europe/Prague,perfect weather,8/20/2026,8/17/2026
City Penthouse,Puerto Francisco de Orellana,Ecuador,EC,America/Guayaquil,serene atmosphere,8/6/2026,9/26/2026
Beach Resort,Bianzhuang,China,CN,Asia/Shanghai,breath taking views,2/9/2026,10/3/2026
City Townhouse,Karangsonojabon,Indonesia,ID,Asia/Jakarta,breath taking views,8/11/2026,11/27/2026
Countryside Cottage,El Paso,United States,US,America/Denver,perfect weather,4/29/2026,5/7/2026
Island Retreat,Skrzydlna,Poland,PL,Europe/Warsaw,wonderful ambiance,3/1/2026,5/8/2026
City Penthouse,Rancabungur,Indonesia,ID,Asia/Jakarta,nostalgic vibes,6/29/2026,11/4/2026
Mountain Retreat,Võhma,Estonia,EE,Europe/Tallinn,breath taking views,10/30/2026,6/23/2026
Jungle Treehouse,Enyerhyetykaw,Belarus,BY,Europe/Minsk,perfect weather,7/31/2026,6/1/2026
Tropical Retreat,Pingpo,China,CN,Asia/Chongqing,beautiful scenery,9/9/2026,8/21/2026
Lakefront Cottage,Xiashu,China,CN,Asia/Shanghai,amazing vibes,6/22/2026,11/11/2026
Rustic Farmhouse,Nidri,Greece,GR,Europe/Athens,breath taking views,6/11/2026,9/10/2026
Island Retreat,Itapetinga,Brazil,BR,America/Bahia,breath taking views,3/31/2026,6/24/2026
Luxury Resort,Golopau,Indonesia,ID,Asia/Makassar,serene atmosphere,4/4/2026,5/18/2026
Rainforest Cabin,Darpas,Armenia,AM,Asia/Yerevan,perfect weather,9/20/2026,8/17/2026
European Castle,Arujá,Brazil,BR,America/Sao_Paulo,perfect weather,8/2/2026,9/7/2026
Riverside Cabin,Banjar Ambengan,Indonesia,ID,Asia/Jakarta,perfect weather,7/26/2026,10/11/2026
Island Villa,Nakhon Phanom,Thailand,TH,Asia/Bangkok,wonderful ambiance,5/1/2026,11/14/2026
Lakeside Lodge,Cabcaben,Philippines,PH,Asia/Manila,serene atmosphere,6/20/2026,11/23/2026
Rustic Farmhouse,Oygon,Mongolia,MN,Asia/Krasnoyarsk,perfect weather,12/24/2026,7/5/2026
Jungle Bungalow,Pucallpa,Peru,PE,America/Lima,wonderful ambiance,8/27/2026,3/2/2026
Historic Manor,Purwa,Indonesia,ID,Asia/Makassar,serene atmosphere,11/29/2026,5/24/2026
Tropical Island,Barberton,South Africa,ZA,Africa/Johannesburg,breath taking views,11/27/2026,12/20/2026
Tropical Bungalow,Kungälv,Sweden,SE,Europe/Stockholm,beautiful scenery,9/18/2026,3/13/2026
Jungle Bungalow,España,Philippines,PH,Asia/Manila,beautiful scenery,2/23/2026,8/11/2026
Tropical Island,Antas,Portugal,PT,Europe/Lisbon,amazing vibes,5/9/2026,3/1/2026
Riverside Cabin,Niquelândia,Brazil,BR,America/Sao_Paulo,breath taking views,11/6/2026,4/30/2026
Lakeside Chalet,Gangkoujie,China,CN,Asia/Shanghai,amazing vibes,4/9/2026,7/3/2026
Beach House,Cangzhou,China,CN,Asia/Shanghai,beautiful scenery,11/1/2026,9/27/2026
Urban Loft,Sertãozinho,Brazil,BR,America/Sao_Paulo,nostalgic vibes,1/3/2026,5/23/2026
Historic Manor,Baruny,Belarus,BY,Europe/Minsk,perfect weather,4/25/2026,12/3/2026
Glamping Dome,Lincoln,United States,US,America/Chicago,nostalgic vibes,8/4/2026,11/22/2026
Cozy Cabin,Ust’-Kalmanka,Russia,RU,Asia/Omsk,amazing vibes,11/11/2026,7/8/2026
Urban Studio,Tianhe,China,CN,Asia/Chongqing,nostalgic vibes,10/3/2026,11/5/2026
Glamping Tent,Alvaro Obregon,Mexico,MX,America/Monterrey,nostalgic vibes,4/22/2026,6/3/2026
Rustic Lodge,Homa Bay,Kenya,KE,Africa/Nairobi,amazing vibes,4/26/2026,6/8/2026
Lake House,Rijau,Nigeria,NG,Africa/Lagos,breath taking views,8/31/2026,6/12/2026
Historic Mansion,Pulilan,Philippines,PH,Asia/Manila,breath taking views,12/20/2026,6/23/2026
Beachfront Villa,Prokuplje,Serbia,RS,Europe/Belgrade,serene atmosphere,11/13/2026,4/30/2026
European Castle,Huata,Peru,PE,America/Lima,breath taking views,1/19/2026,8/6/2026
Island Retreat,Tabālah,Saudi Arabia,SA,Asia/Riyadh,wonderful ambiance,12/28/2026,7/5/2026
Jungle Treehouse,Tres Arroyos,Argentina,AR,America/Argentina/Buenos_Aires,serene atmosphere,6/7/2026,12/27/2026
Tropical Island,Verkhov’ye,Russia,RU,Europe/Moscow,serene atmosphere,6/27/2026,7/20/2026
Cozy B&B,San Antonio,Argentina,AR,America/Argentina/Catamarca,perfect weather,9/9/2026,7/25/2026
Treehouse Villa,Sarāqib,Syria,SY,Asia/Damascus,beautiful scenery,1/26/2026,4/9/2026
Desert Oasis,Ladoang,Indonesia,ID,Asia/Makassar,nostalgic vibes,11/21/2026,9/26/2026
Desert Oasis,Tegalgede,Indonesia,ID,Asia/Jakarta,breath taking views,12/29/2026,6/14/2026
Ski Chalet,Nanterre,France,FR,Europe/Paris,beautiful scenery,8/23/2026,9/4/2026
Historic Mansion,Pangrumasan,Indonesia,ID,Asia/Jakarta,breath taking views,11/20/2026,2/25/2026
Mountain Cabin,Gaocang,China,CN,Asia/Chongqing,breath taking views,9/30/2026,7/27/2026
Tropical Island,Palmerston North,New Zealand,NZ,Pacific/Auckland,amazing vibes,7/17/2026,10/4/2026
Seaside Cottage,Boston,Philippines,PH,Asia/Manila,amazing vibes,6/6/2026,8/29/2026
Safari Lodge,Ciburial,Indonesia,ID,Asia/Jakarta,amazing vibes,7/4/2026,8/12/2026
Glamping Tent,Rostokino,Russia,RU,Europe/Moscow,breath taking views,2/24/2026,11/27/2026
Cozy Cabin,Hopetown,South Africa,ZA,Africa/Johannesburg,beautiful scenery,9/11/2026,2/20/2026
Glamping Dome,Nantes,France,FR,Europe/Paris,breath taking views,12/28/2026,5/8/2026
Treehouse Villa,Carromeu,Portugal,PT,Europe/Lisbon,serene atmosphere,7/3/2026,7/23/2026
City Penthouse,Machikou,China,CN,Asia/Harbin,perfect weather,9/22/2026,1/14/2026
Beach House,Tommot,Russia,RU,Asia/Yakutsk,breath taking views,10/24/2026,5/2/2026
Glamping Dome,Sámara,Costa Rica,CR,America/Costa_Rica,nostalgic vibes,6/11/2026,12/14/2026
Ski Lodge,Gantang,China,CN,Asia/Harbin,beautiful scenery,11/4/2026,7/10/2026
Treehouse Retreat,Máncora,Peru,PE,America/Lima,perfect weather,2/13/2026,3/4/2026
Beachfront Villa,Avelar,Portugal,PT,Europe/Lisbon,wonderful ambiance,8/13/2026,3/20/2026
Ski Lodge,Registro,Brazil,BR,America/Sao_Paulo,wonderful ambiance,2/22/2026,11/21/2026
City Penthouse,Danxi,China,CN,Asia/Shanghai,wonderful ambiance,3/17/2026,7/11/2026
Rustic Farmhouse,Maragogipe,Brazil,BR,America/Bahia,amazing vibes,10/5/2026,4/14/2026
Safari Lodge,Panao,Peru,PE,America/Lima,nostalgic vibes,6/15/2026,8/26/2026
City Penthouse,Kalawit,Philippines,PH,Asia/Manila,amazing vibes,6/3/2026,5/18/2026
Lakeside Chalet,Bojong,Indonesia,ID,Asia/Jakarta,breath taking views,9/21/2026,12/11/2026
Seaside Cottage,Shatian,China,CN,Asia/Shanghai,wonderful ambiance,12/8/2026,10/18/2026
Tropical Island,Swift Current,Canada,CA,America/Regina,serene atmosphere,11/5/2026,3/11/2026
Island Villa,Vatutino,Russia,RU,Europe/Moscow,nostalgic vibes,10/2/2026,2/20/2026
City Townhouse,Bandhagen,Sweden,SE,Europe/Stockholm,wonderful ambiance,11/17/2026,11/4/2026
Jungle Bungalow,Macas,Ecuador,EC,America/Guayaquil,beautiful scenery,7/6/2026,5/17/2026
Mountain Retreat,Färgelanda,Sweden,SE,Europe/Stockholm,nostalgic vibes,11/24/2026,11/25/2026
City Penthouse,Dong’ao,China,CN,Asia/Chongqing,serene atmosphere,2/23/2026,6/9/2026
Treehouse Villa,Vale Boeiro,Portugal,PT,Europe/Lisbon,wonderful ambiance,8/31/2026,10/24/2026
Beach House,Hrtkovci,Serbia,RS,Europe/Belgrade,amazing vibes,1/25/2026,2/14/2026
Rustic Lodge,Tonggu,China,CN,Asia/Chongqing,breath taking views,3/31/2026,3/16/2026
Glamping Tent,Takari,Indonesia,ID,Asia/Makassar,breath taking views,1/21/2026,9/25/2026
Ski Chalet,Fale old settlement,Tokelau,TK,Pacific/Apia,wonderful ambiance,7/25/2026,7/3/2026
Desert Oasis,Palaiochóri,Greece,GR,Europe/Athens,amazing vibes,2/20/2026,3/23/2026
Lakefront Cottage,Datagon,Philippines,PH,Asia/Manila,beautiful scenery,11/7/2026,5/19/2026
Desert Oasis,Barbaza,Philippines,PH,Asia/Manila,wonderful ambiance,1/21/2026,5/30/2026
Tropical Island,Holice,Czech Republic,CZ,Europe/Prague,perfect weather,9/9/2026,2/26/2026
Luxury Yacht,Conchucos,Peru,PE,America/Lima,beautiful scenery,8/5/2026,8/5/2026
Island Villa,Lorient,France,FR,Europe/Paris,wonderful ambiance,7/16/2026,11/7/2026
Rustic Farmhouse,Liliba,Indonesia,ID,Asia/Makassar,breath taking views,12/28/2026,5/17/2026
Glamping Tent,Tundagan,Indonesia,ID,Asia/Jakarta,perfect weather,11/20/2026,8/30/2026
Lakefront Cottage,San José El Ídolo,Guatemala,GT,America/Guatemala,wonderful ambiance,11/3/2026,8/29/2026
Safari Lodge,Pato Branco,Brazil,BR,America/Sao_Paulo,beautiful scenery,11/28/2026,7/24/2026
Luxury Yacht,U Minh,Vietnam,VN,Asia/Ho_Chi_Minh,perfect weather,11/7/2026,3/31/2026
Countryside Villa,Veshnyaki,Russia,RU,Europe/Moscow,amazing vibes,6/16/2026,3/16/2026
Ski Lodge,Sofrino,Russia,RU,Europe/Moscow,wonderful ambiance,9/18/2026,5/20/2026
Desert Oasis,San Isidro,Philippines,PH,Asia/Manila,perfect weather,10/1/2026,5/28/2026
Island Retreat,Al Ain,United Arab Emirates,AE,Asia/Dubai,perfect weather,4/7/2026,2/25/2026
Urban Studio,Stockholm,Sweden,SE,Europe/Stockholm,serene atmosphere,9/24/2026,3/27/2026
Tropical Island,Rafaela,Argentina,AR,America/Argentina/Cordoba,serene atmosphere,8/21/2026,1/19/2026
Seaside Bungalow,Shuangbaiyang,China,CN,Asia/Chongqing,wonderful ambiance,4/20/2026,1/14/2026
Tropical Retreat,Yongxing,China,CN,Asia/Shanghai,nostalgic vibes,2/21/2026,7/2/2026
Desert Oasis,Leuwibuleud,Indonesia,ID,Asia/Jakarta,wonderful ambiance,12/21/2026,3/20/2026
Treehouse Villa,Best,Netherlands,NL,Europe/Amsterdam,perfect weather,2/18/2026,5/9/2026
Urban Studio,Thị Trấn Tam Điệp,Vietnam,VN,Asia/Ho_Chi_Minh,perfect weather,1/14/2026,5/31/2026
Island Retreat,Lugo,Philippines,PH,Asia/Manila,wonderful ambiance,6/14/2026,5/28/2026
Ski Lodge,Ojrzeń,Poland,PL,Europe/Warsaw,perfect weather,11/20/2026,7/19/2026
Beach Resort,Báguanos,Cuba,CU,America/Havana,amazing vibes,10/13/2026,11/26/2026
Rustic Lodge,Toulouse,France,FR,Europe/Paris,nostalgic vibes,6/28/2026,7/20/2026
Urban Studio,Strelitsa,Russia,RU,Europe/Moscow,nostalgic vibes,9/29/2026,9/12/2026
Beach Resort,Xinhua,China,CN,Asia/Chongqing,perfect weather,9/1/2026,4/2/2026
Seaside Cottage,Visby,Sweden,SE,Europe/Stockholm,amazing vibes,2/22/2026,7/25/2026
Mountain Retreat,Luopioinen,Finland,FI,Europe/Helsinki,amazing vibes,3/2/2026,11/14/2026
Cozy B&B,Yuncheng,China,CN,Asia/Chongqing,serene atmosphere,9/1/2026,11/21/2026
Tropical Bungalow,Lampa,Peru,PE,America/Lima,serene atmosphere,7/2/2026,9/3/2026
Historic Mansion,Vancouver,United States,US,America/Los_Angeles,beautiful scenery,10/3/2026,12/5/2026
Seaside Bungalow,Maquiapo,Philippines,PH,Asia/Manila,serene atmosphere,11/13/2026,10/14/2026
Rainforest Cabin,Saguenay,Canada,CA,America/Montreal,serene atmosphere,12/8/2026,11/8/2026
European Castle,Saraqinishtë,Albania,AL,Europe/Tirane,beautiful scenery,12/17/2026,1/13/2026
Riverside Cabin,Ciechanowiec,Poland,PL,Europe/Warsaw,beautiful scenery,3/17/2026,4/28/2026
Safari Tent,Chiconi,Mayotte,YT,Indian/Mayotte,breath taking views,4/25/2026,12/16/2026
Cozy Cabin,Apalit,Philippines,PH,Asia/Manila,wonderful ambiance,9/25/2026,6/1/2026
European Castle,Álftanes,Iceland,IS,Atlantic/Reykjavik,amazing vibes,9/10/2026,9/14/2026
Jungle Bungalow,Krajan Alastengah,Indonesia,ID,Asia/Jakarta,wonderful ambiance,3/19/2026,4/30/2026
Urban Studio,Norrköping,Sweden,SE,Europe/Stockholm,beautiful scenery,11/9/2026,9/8/2026
Lakeside Chalet,Tirana,Albania,AL,Europe/Tirane,breath taking views,10/2/2026,11/28/2026
Countryside Cottage,Skopje,Macedonia,MK,Europe/Skopje,nostalgic vibes,7/12/2026,12/1/2026
Ski Resort,Quebradas,Portugal,PT,Europe/Lisbon,amazing vibes,5/9/2026,10/30/2026
Cozy Cabin,Huai’an,China,CN,Asia/Chongqing,wonderful ambiance,9/22/2026,8/19/2026
Lakefront Cottage,Krajan,Indonesia,ID,Asia/Jakarta,nostalgic vibes,9/15/2026,9/18/2026
Lakeside Chalet,Soutelo,Portugal,PT,Europe/Lisbon,wonderful ambiance,7/29/2026,10/24/2026
Mountain Retreat,Antigonish,Canada,CA,America/Halifax,wonderful ambiance,7/7/2026,3/29/2026
Treehouse Villa,Hulu,China,CN,Asia/Chongqing,wonderful ambiance,9/23/2026,2/27/2026
Mountain Cabin,Ålesund,Norway,NO,Europe/Oslo,nostalgic vibes,11/24/2026,10/23/2026
Countryside Villa,Pavlovsk,Russia,RU,Europe/Moscow,wonderful ambiance,4/1/2026,2/14/2026
Beach House,Kotovs’k,Ukraine,UA,Europe/Kiev,perfect weather,1/7/2026,1/10/2026
Rainforest Cabin,Quipot,Philippines,PH,Asia/Manila,beautiful scenery,4/24/2026,11/29/2026
Mountain Retreat,Albuquerque,United States,US,America/Denver,beautiful scenery,5/12/2026,3/15/2026
Countryside Cottage,Slavuta,Ukraine,UA,Europe/Kiev,nostalgic vibes,3/8/2026,8/8/2026
Seaside Bungalow,Manogay,Afghanistan,AF,Asia/Kabul,breath taking views,11/10/2026,10/8/2026
Tropical Retreat,Terre Haute,United States,US,America/Indiana/Indianapolis,serene atmosphere,8/13/2026,7/6/2026
Mountain Retreat,Burujul,Indonesia,ID,Asia/Jakarta,nostalgic vibes,6/3/2026,8/13/2026
Beach Resort,Tanjungpati,Indonesia,ID,Asia/Jakarta,wonderful ambiance,9/29/2026,11/26/2026
Treehouse Villa,Lagny-sur-Marne,France,FR,Europe/Paris,serene atmosphere,12/2/2026,2/2/2026
Mountain Cabin,Hujirt,Mongolia,MN,Asia/Ulaanbaatar,beautiful scenery,7/31/2026,6/13/2026
Island Retreat,Binlod,Philippines,PH,Asia/Manila,nostalgic vibes,3/30/2026,9/20/2026
Luxury Resort,Jiangjiazui,China,CN,Asia/Chongqing,beautiful scenery,6/9/2026,10/1/2026
Lakeside Lodge,Comal,Indonesia,ID,Asia/Jakarta,wonderful ambiance,6/13/2026,5/24/2026
Cozy B&B,Alto de São Sebastião,Portugal,PT,Europe/Lisbon,perfect weather,9/7/2026,7/20/2026
Tropical Island,Storuman,Sweden,SE,Europe/Stockholm,wonderful ambiance,3/7/2026,3/1/2026
Ski Chalet,Poyang,China,CN,Asia/Shanghai,breath taking views,8/20/2026,7/6/2026
Rustic Lodge,Dziemiany,Poland,PL,Europe/Warsaw,wonderful ambiance,10/27/2026,5/4/2026
Beach Resort,Piedecuesta,Colombia,CO,America/Bogota,nostalgic vibes,4/23/2026,12/7/2026
Tropical Island,Emar,Russia,RU,Asia/Vladivostok,beautiful scenery,8/17/2026,11/19/2026
Jungle Treehouse,Takari,Indonesia,ID,Asia/Makassar,beautiful scenery,1/21/2026,9/25/2026
Glamping Tent,Karelichy,Belarus,BY,Europe/Minsk,beautiful scenery,7/22/2026,9/24/2026
Countryside Cottage,Borodinskiy,Russia,RU,Europe/Moscow,nostalgic vibes,5/31/2026,11/12/2026
City Apartment,Kosava,Belarus,BY,Europe/Minsk,nostalgic vibes,3/12/2026,4/8/2026
Cozy B&B,Upi,Philippines,PH,Asia/Manila,breath taking views,3/21/2026,1/6/2026
Countryside Cottage,Loga,Indonesia,ID,Asia/Makassar,amazing vibes,5/9/2026,5/5/2026
Ski Resort,Tijão,Portugal,PT,Europe/Lisbon,amazing vibes,2/8/2026,9/20/2026
Urban Loft,Londres,Argentina,AR,America/Argentina/La_Rioja,nostalgic vibes,1/7/2026,11/29/2026
Mountain Chalet,Sukaraja,Indonesia,ID,Asia/Jakarta,perfect weather,8/25/2026,8/24/2026
Rustic Farmhouse,Syracuse,United States,US,America/New_York,nostalgic vibes,7/23/2026,4/10/2026
Safari Tent,Vyshchetarasivka,Ukraine,UA,Europe/Zaporozhye,beautiful scenery,5/1/2026,7/22/2026
Glamping Dome,Gongming,China,CN,Asia/Chongqing,amazing vibes,1/30/2026,6/18/2026
Mountain Retreat,Ziniaré,Burkina Faso,BF,Africa/Ouagadougou,serene atmosphere,4/24/2026,6/11/2026
Mountain Chalet,Manchester,United Kingdom,GB,Europe/London,beautiful scenery,9/13/2026,5/23/2026
Tropical Retreat,Jantake,Indonesia,ID,Asia/Jakarta,nostalgic vibes,12/6/2026,1/28/2026
Treehouse Retreat,Si Somdet,Thailand,TH,Asia/Bangkok,beautiful scenery,3/18/2026,8/15/2026
Beach House,Pinhão,Brazil,BR,America/Sao_Paulo,serene atmosphere,7/15/2026,11/11/2026
Rainforest Cabin,Ciulu,Indonesia,ID,Asia/Jakarta,perfect weather,4/25/2026,7/22/2026
Countryside Cottage,Linquan,China,CN,Asia/Shanghai,serene atmosphere,11/8/2026,3/7/2026
Safari Tent,Skulsk,Poland,PL,Europe/Warsaw,wonderful ambiance,7/28/2026,12/21/2026
Seaside Bungalow,Yujia,China,CN,Asia/Shanghai,breath taking views,11/1/2026,5/1/2026
Lakeside Lodge,Repki,Poland,PL,Europe/Warsaw,beautiful scenery,1/14/2026,2/16/2026
Beach House,Patimuan,Indonesia,ID,Asia/Jakarta,perfect weather,3/9/2026,12/6/2026
Lake House,Boca Raton,United States,US,America/New_York,amazing vibes,4/7/2026,11/30/2026
Tropical Island,Frisange,Luxembourg,LU,Europe/Luxembourg,nostalgic vibes,10/5/2026,10/17/2026
European Castle,Filipstad,Sweden,SE,Europe/Stockholm,nostalgic vibes,1/20/2026,12/14/2026
Safari Tent,Tawun,Indonesia,ID,Asia/Makassar,breath taking views,11/28/2026,11/17/2026
Ski Chalet,Sebasang,Indonesia,ID,Asia/Makassar,beautiful scenery,7/9/2026,7/3/2026
Cozy B&B,San Andrés Xecul,Guatemala,GT,America/Guatemala,nostalgic vibes,5/23/2026,1/4/2026
Treehouse Retreat,Rudnogorsk,Russia,RU,Asia/Irkutsk,beautiful scenery,4/8/2026,9/22/2026
Jungle Treehouse,Dashi,China,CN,Asia/Chongqing,breath taking views,5/30/2026,6/21/2026
Historic Mansion,Tagawa,Japan,JP,Asia/Tokyo,serene atmosphere,12/9/2026,12/24/2026
Beach House,Végueta,Peru,PE,America/Lima,serene atmosphere,1/17/2026,9/4/2026
Mountain Cabin,Sishan,China,CN,Asia/Shanghai,serene atmosphere,4/4/2026,10/12/2026
Safari Tent,Soloneshnoye,Russia,RU,Asia/Omsk,amazing vibes,8/9/2026,3/26/2026
Safari Lodge,Yaozhanzi,China,CN,Asia/Urumqi,perfect weather,8/12/2026,7/19/2026
City Apartment,‘Awaj,Syria,SY,Asia/Damascus,amazing vibes,3/21/2026,11/6/2026
Island Villa,Huili,China,CN,Asia/Shanghai,serene atmosphere,6/28/2026,7/31/2026
Tropical Retreat,Ḩarastā,Syria,SY,Asia/Damascus,nostalgic vibes,9/16/2026,9/19/2026
Ski Chalet,Suvorov,Russia,RU,Europe/Moscow,serene atmosphere,1/27/2026,10/2/2026
Lakefront Cottage,Cam Lâm,Vietnam,VN,Asia/Ho_Chi_Minh,amazing vibes,1/14/2026,5/10/2026
Historic Mansion,Triteh,Indonesia,ID,Asia/Jakarta,serene atmosphere,7/9/2026,9/21/2026
Tropical Retreat,Ukata,Nigeria,NG,Africa/Lagos,serene atmosphere,7/14/2026,11/18/2026
Countryside Villa,Örnsköldsvik,Sweden,SE,Europe/Stockholm,amazing vibes,7/20/2026,6/11/2026
Rainforest Cabin,Feitoria,Portugal,PT,Europe/Lisbon,wonderful ambiance,9/27/2026,9/15/2026
Lakeside Chalet,Ash Sharyah,Yemen,YE,Asia/Aden,serene atmosphere,7/29/2026,7/6/2026
Riverside Cabin,Zhen’an,China,CN,Asia/Chongqing,perfect weather,3/31/2026,11/26/2026
Mountain Chalet,Gradil,Portugal,PT,Europe/Lisbon,amazing vibes,3/9/2026,2/22/2026
Tropical Bungalow,Seixal,Portugal,PT,Europe/Lisbon,serene atmosphere,5/27/2026,9/18/2026
Rustic Farmhouse,Kozhva,Russia,RU,Europe/Moscow,perfect weather,3/8/2026,4/27/2026
Desert Oasis,Hearst,Canada,CA,America/Toronto,amazing vibes,7/20/2026,1/5/2026
Ski Resort,Kabalo,Democratic Republic of the Congo,CD,Africa/Lubumbashi,perfect weather,2/6/2026,6/18/2026
Urban Studio,Haridimun,Indonesia,ID,Asia/Makassar,breath taking views,8/17/2026,11/11/2026
Rainforest Lodge,Grujugan,Indonesia,ID,Asia/Jakarta,amazing vibes,11/11/2026,9/7/2026
Glamping Tent,Lalagsan,Philippines,PH,Asia/Manila,amazing vibes,8/15/2026,5/22/2026
Tropical Bungalow,Descalvado,Brazil,BR,America/Sao_Paulo,perfect weather,10/3/2026,7/6/2026
Seaside Bungalow,Papringan,Indonesia,ID,Asia/Jakarta,breath taking views,11/19/2026,8/12/2026
Urban Studio,Yengiawat,China,CN,Asia/Kashgar,beautiful scenery,9/18/2026,7/30/2026
Safari Tent,Akkol’,Kazakhstan,KZ,Asia/Almaty,serene atmosphere,12/28/2026,6/17/2026
Ski Lodge,Mayskiy,Russia,RU,Europe/Moscow,nostalgic vibes,9/7/2026,6/24/2026
Countryside Villa,Hällefors,Sweden,SE,Europe/Stockholm,serene atmosphere,2/3/2026,8/12/2026
Mountain Chalet,Kiangan,Philippines,PH,Asia/Manila,serene atmosphere,2/2/2026,9/5/2026
City Townhouse,Leninsk,Russia,RU,Europe/Volgograd,wonderful ambiance,9/16/2026,3/19/2026
Beachfront Villa,El Paso,United States,US,America/Denver,wonderful ambiance,10/8/2026,7/14/2026
Treehouse Villa,Cà Mau,Vietnam,VN,Asia/Ho_Chi_Minh,amazing vibes,12/10/2026,6/25/2026
Island Retreat,Xiamujiao,China,CN,Asia/Shanghai,amazing vibes,3/20/2026,11/27/2026
Tropical Bungalow,Medianeira,Brazil,BR,America/Sao_Paulo,amazing vibes,6/20/2026,4/12/2026
Beach Resort,Vallentuna,Sweden,SE,Europe/Stockholm,nostalgic vibes,12/27/2026,8/21/2026
Seaside Bungalow,Weetobula,Indonesia,ID,Asia/Makassar,serene atmosphere,6/28/2026,2/2/2026
Lakefront Cottage,Priob’ye,Russia,RU,Asia/Yekaterinburg,breath taking views,11/7/2026,6/4/2026
Rainforest Cabin,Nairobi,Kenya,KE,Africa/Nairobi,amazing vibes,2/27/2026,10/28/2026
City Apartment,Zhouhe,China,CN,Asia/Chongqing,amazing vibes,7/2/2026,1/18/2026
Seaside Cottage,Zhongping,China,CN,Asia/Chongqing,serene atmosphere,8/14/2026,8/12/2026
Ski Resort,Montelíbano,Colombia,CO,America/Bogota,breath taking views,6/26/2026,8/12/2026
City Apartment,Si Somdet,Thailand,TH,Asia/Bangkok,beautiful scenery,8/24/2026,3/18/2026
City Townhouse,Novogireyevo,Russia,RU,Europe/Moscow,perfect weather,12/23/2026,7/28/2026
Beach House,Cipari,Indonesia,ID,Asia/Jakarta,wonderful ambiance,7/9/2026,9/8/2026
Tropical Island,Talabaan,Philippines,PH,Asia/Manila,wonderful ambiance,1/4/2026,6/19/2026
Seaside Cottage,Sayama,Japan,JP,Asia/Tokyo,beautiful scenery,12/25/2026,2/6/2026
Beach House,Almere Haven,Netherlands,NL,Europe/Amsterdam,nostalgic vibes,9/5/2026,8/29/2026
Lake House,Lacabamba,Peru,PE,America/Lima,amazing vibes,12/4/2026,5/13/2026
Tropical Island,Sietesz,Poland,PL,Europe/Warsaw,amazing vibes,4/18/2026,10/30/2026
Lakeside Chalet,Kireyevsk,Russia,RU,Europe/Moscow,beautiful scenery,9/3/2026,6/30/2026
City Townhouse,Iracemápolis,Brazil,BR,America/Sao_Paulo,nostalgic vibes,4/1/2026,12/28/2026
Glamping Dome,Cascais,Portugal,PT,Europe/Lisbon,amazing vibes,11/24/2026,9/29/2026
Rustic Lodge,Tancheng,China,CN,Asia/Shanghai,nostalgic vibes,6/15/2026,10/8/2026
Ski Chalet,Amarillo,United States,US,America/Chicago,breath taking views,1/15/2026,11/12/2026
Historic Mansion,Guaçuí,Brazil,BR,America/Sao_Paulo,perfect weather,6/1/2026,3/29/2026
Lake House,Langgapayung,Indonesia,ID,Asia/Jakarta,serene atmosphere,6/2/2026,12/1/2026
Riverside Cabin,Mateus Leme,Brazil,BR,America/Sao_Paulo,beautiful scenery,10/17/2026,6/9/2026
Cozy Cabin,Chornyanka,Ukraine,UA,Europe/Zaporozhye,perfect weather,8/11/2026,2/23/2026
Desert Oasis,Cacoal,Brazil,BR,America/Porto_Velho,breath taking views,3/31/2026,1/31/2026
Tropical Bungalow,Nishinomiya-hama,Japan,JP,Asia/Tokyo,amazing vibes,7/2/2026,9/12/2026
Luxury Resort,Leluo,China,CN,Asia/Chongqing,nostalgic vibes,7/2/2026,6/30/2026
Beach Resort,Järvakandi,Estonia,EE,Europe/Tallinn,wonderful ambiance,9/26/2026,10/15/2026
Glamping Dome,Kinel’-Cherkassy,Russia,RU,Europe/Samara,serene atmosphere,7/28/2026,6/7/2026
City Penthouse,Pedra Branca,Brazil,BR,America/Fortaleza,perfect weather,1/13/2026,1/24/2026
Jungle Bungalow,Shaxi,China,CN,Asia/Chongqing,perfect weather,5/25/2026,3/5/2026
Seaside Cottage,Straszyn,Poland,PL,Europe/Warsaw,wonderful ambiance,2/5/2026,12/18/2026
European Castle,Gegernoong,Indonesia,ID,Asia/Jakarta,beautiful scenery,5/25/2026,8/4/2026
Mountain Cabin,Magog,Canada,CA,America/Montreal,wonderful ambiance,9/30/2026,7/3/2026
Beach Resort,Puyehue,Chile,CL,America/Santiago,nostalgic vibes,8/13/2026,11/9/2026
European Castle,Chisht-e Sharīf,Afghanistan,AF,Asia/Kabul,serene atmosphere,6/24/2026,1/4/2026
Tropical Island,Diapaga,Burkina Faso,BF,Africa/Ouagadougou,wonderful ambiance,11/3/2026,11/27/2026
City Penthouse,Sanxing,China,CN,Asia/Harbin,serene atmosphere,2/9/2026,2/24/2026
Tropical Island,Vawkavysk,Belarus,BY,Europe/Minsk,serene atmosphere,1/17/2026,6/20/2026
Treehouse Retreat,Zhonghe,China,CN,Asia/Chongqing,perfect weather,7/22/2026,5/26/2026
Ski Resort,Kadubincarung,Indonesia,ID,Asia/Jakarta,perfect weather,12/14/2026,11/12/2026
Rainforest Cabin,Grodków,Poland,PL,Europe/Warsaw,perfect weather,8/1/2026,3/7/2026
Ski Chalet,Guder Lao,Indonesia,ID,Asia/Jakarta,beautiful scenery,12/29/2026,8/18/2026
Historic Manor,Datian,China,CN,Asia/Chongqing,wonderful ambiance,10/29/2026,11/30/2026
Riverside Cabin,Nizhnyaya Tura,Russia,RU,Asia/Yekaterinburg,perfect weather,8/24/2026,4/1/2026
Riverside Cabin,Rahayu,Indonesia,ID,Asia/Jakarta,perfect weather,7/11/2026,10/28/2026
Urban Loft,Červenka,Czech Republic,CZ,Europe/Prague,serene atmosphere,9/30/2026,6/16/2026
Island Villa,Lobos,Argentina,AR,America/Argentina/Buenos_Aires,breath taking views,12/27/2026,7/25/2026
Seaside Cottage,Mpraeso,Ghana,GH,Africa/Accra,nostalgic vibes,11/3/2026,5/15/2026
Jungle Bungalow,Concepcion,Philippines,PH,Asia/Manila,nostalgic vibes,4/4/2026,12/31/2026
Riverside Cabin,Koblain,Indonesia,ID,Asia/Makassar,amazing vibes,5/19/2026,3/15/2026
Seaside Cottage,Poroçan,Albania,AL,Europe/Tirane,breath taking views,7/27/2026,4/4/2026
Tropical Bungalow,Morshansk,Russia,RU,Europe/Moscow,serene atmosphere,10/29/2026,4/8/2026
Seaside Cottage,Álimos,Greece,GR,Europe/Athens,wonderful ambiance,4/25/2026,4/22/2026
Rainforest Lodge,Sibagat,Philippines,PH,Asia/Manila,nostalgic vibes,8/2/2026,12/15/2026
Treehouse Villa,Temeke,China,CN,Asia/Urumqi,nostalgic vibes,11/25/2026,10/2/2026
Jungle Bungalow,Zhengmo,China,CN,Asia/Shanghai,beautiful scenery,2/1/2026,6/13/2026
Rustic Farmhouse,Shuangxi,China,CN,Asia/Shanghai,nostalgic vibes,4/4/2026,3/18/2026
Glamping Tent,Zhongjiapu,China,CN,Asia/Chongqing,beautiful scenery,4/15/2026,4/3/2026
Jungle Bungalow,Huanuni,Bolivia,BO,America/La_Paz,serene atmosphere,5/8/2026,4/23/2026
Lakeside Lodge,Rychwał,Poland,PL,Europe/Warsaw,serene atmosphere,11/9/2026,8/14/2026
Lakefront Cottage,Koryčany,Czech Republic,CZ,Europe/Prague,serene atmosphere,2/16/2026,1/24/2026
City Penthouse,Zhangshi,China,CN,Asia/Chongqing,amazing vibes,4/29/2026,2/20/2026
Countryside Cottage,Alqueva,Portugal,PT,Europe/Lisbon,breath taking views,11/12/2026,5/11/2026
Cozy Cabin,Cennan,China,CN,Asia/Chongqing,amazing vibes,4/25/2026,7/15/2026
Rustic Farmhouse,Huajie,China,CN,Asia/Shanghai,wonderful ambiance,3/23/2026,4/26/2026
Countryside Villa,Mniszków,Poland,PL,Europe/Warsaw,wonderful ambiance,4/28/2026,12/11/2026
Luxury Resort,Itambé,Brazil,BR,America/Bahia,beautiful scenery,1/21/2026,12/26/2026
Mountain Cabin,Irákleion,Greece,GR,Europe/Athens,serene atmosphere,3/17/2026,4/28/2026
Luxury Resort,Dragomer,Slovenia,SI,Europe/Ljubljana,nostalgic vibes,9/25/2026,1/27/2026
Safari Tent,Białogard,Poland,PL,Europe/Warsaw,wonderful ambiance,1/25/2026,2/7/2026
Seaside Bungalow,Jiupu,China,CN,Asia/Shanghai,beautiful scenery,1/24/2026,3/14/2026
Tropical Retreat,Marsa Alam,Egypt,EG,Africa/Cairo,amazing vibes,1/18/2026,6/19/2026
Ski Chalet,Tibakisa,Indonesia,ID,Asia/Makassar,beautiful scenery,3/7/2026,2/13/2026
Mountain Chalet,Stara Kornica,Poland,PL,Europe/Warsaw,wonderful ambiance,6/21/2026,12/11/2026
Rainforest Lodge,Banag,Philippines,PH,Asia/Manila,wonderful ambiance,2/21/2026,3/1/2026
European Castle,Chợ Mới,Vietnam,VN,Asia/Ho_Chi_Minh,perfect weather,9/14/2026,1/4/2027
City Penthouse,Oxelösund,Sweden,SE,Europe/Stockholm,nostalgic vibes,6/16/2026,1/20/2026
Urban Studio,Huanglin,China,CN,Asia/Shanghai,beautiful scenery,10/24/2026,10/28/2026
Lake House,Pa Bon,Thailand,TH,Asia/Bangkok,amazing vibes,12/26/2026,2/18/2026
Seaside Bungalow,Kulykiv,Ukraine,UA,Europe/Uzhgorod,breath taking views,4/23/2026,3/14/2026
Safari Lodge,Molde,Norway,NO,Europe/Oslo,nostalgic vibes,12/18/2026,4/10/2026
Treehouse Retreat,Rennes,France,FR,Europe/Paris,beautiful scenery,11/6/2026,9/8/2026
Glamping Tent,José de Freitas,Brazil,BR,America/Fortaleza,amazing vibes,2/17/2026,8/11/2026
Cozy Cabin,Khoroshëvo-Mnevniki,Russia,RU,Europe/Moscow,nostalgic vibes,8/23/2026,10/31/2026
Island Villa,Ancol,Indonesia,ID,Asia/Jakarta,breath taking views,6/1/2026,9/4/2026
Countryside Villa,Galán,Colombia,CO,America/Bogota,amazing vibes,6/13/2026,8/11/2026
Treehouse Retreat,Žulová,Czech Republic,CZ,Europe/Warsaw,amazing vibes,1/22/2026,12/19/2026
Seaside Bungalow,Saint-Quentin-en-Yvelines,France,FR,Europe/Paris,amazing vibes,2/1/2026,4/8/2026
City Penthouse,Ratíškovice,Czech Republic,CZ,Europe/Prague,wonderful ambiance,1/2/2026,1/13/2026
Historic Mansion,Tokushima-shi,Japan,JP,Asia/Tokyo,serene atmosphere,12/28/2026,7/2/2026
Safari Tent,Pitangui,Brazil,BR,America/Sao_Paulo,amazing vibes,4/26/2026,6/9/2026
Lakeside Chalet,Watuweri,Indonesia,ID,Asia/Makassar,wonderful ambiance,9/17/2026,8/4/2026
Glamping Tent,Santa Iria de Azóia,Portugal,PT,Europe/Lisbon,wonderful ambiance,4/25/2026,8/11/2026
Glamping Tent,Põltsamaa,Estonia,EE,Europe/Tallinn,nostalgic vibes,1/8/2026,9/14/2026
Ski Lodge,Drakino,Russia,RU,Europe/Moscow,perfect weather,9/16/2026,12/21/2026
Seaside Bungalow,Chandmanĭ,Mongolia,MN,Asia/Ulaanbaatar,wonderful ambiance,1/14/2026,10/30/2026
Tropical Island,Pamyat’ Parizhskoy Kommuny,Russia,RU,Europe/Moscow,breath taking views,5/4/2026,6/10/2026
City Apartment,Naguilian,Philippines,PH,Asia/Manila,breath taking views,10/12/2026,10/9/2026
City Penthouse,Puerto Boyacá,Colombia,CO,America/Bogota,amazing vibes,6/19/2026,8/26/2026
Ski Lodge,Kulutan,Indonesia,ID,Asia/Jakarta,breath taking views,10/2/2026,11/11/2026
Riverside Cabin,Pantai,Indonesia,ID,Asia/Makassar,beautiful scenery,1/7/2026,3/16/2026
Lake House,Foros do Trapo,Portugal,PT,Europe/Lisbon,perfect weather,6/27/2026,1/23/2026
Riverside Cabin,Argostólion,Greece,GR,Europe/Athens,perfect weather,12/13/2026,3/21/2026
Lake House,Huayang,China,CN,Asia/Chongqing,beautiful scenery,9/29/2026,9/21/2026
Desert Oasis,Lyon,France,FR,Europe/Paris,beautiful scenery,4/22/2026,6/16/2026
Historic Mansion,Wysokie Mazowieckie,Poland,PL,Europe/Warsaw,serene atmosphere,12/9/2026,6/27/2026
Urban Loft,Zürich,Switzerland,CH,Europe/Zurich,amazing vibes,10/21/2026,12/29/2026
Safari Lodge,Pingtang,China,CN,Asia/Chongqing,nostalgic vibes,7/13/2026,10/8/2026
Tropical Retreat,Bilice,Croatia,HR,Europe/Zagreb,nostalgic vibes,8/25/2026,10/10/2026
Luxury Resort,Nahrīn,Afghanistan,AF,Asia/Kabul,serene atmosphere,6/11/2026,5/4/2026
Rainforest Lodge,Sacramento,United States,US,America/Los_Angeles,wonderful ambiance,3/3/2026,1/14/2026
Tropical Bungalow,Mŭynoq,Uzbekistan,UZ,Asia/Samarkand,perfect weather,9/22/2026,10/1/2026
Cozy Cabin,Tolotangga,Indonesia,ID,Asia/Makassar,amazing vibes,5/9/2026,5/25/2026
Luxury Resort,Obispos,Venezuela,VE,America/Caracas,breath taking views,6/16/2026,6/7/2026
Cozy B&B,Coishco,Peru,PE,America/Lima,beautiful scenery,6/8/2026,8/28/2026
Island Villa,Bao’an,China,CN,Asia/Chongqing,wonderful ambiance,6/13/2026,6/7/2026
Ski Lodge,Kórnik,Poland,PL,Europe/Warsaw,wonderful ambiance,9/18/2026,11/19/2026
Historic Manor,Naschel,Argentina,AR,America/Argentina/San_Luis,wonderful ambiance,3/8/2026,12/27/2026
Riverside Cabin,Paty do Alferes,Brazil,BR,America/Sao_Paulo,perfect weather,6/27/2026,11/21/2026
City Penthouse,Xiaping,China,CN,Asia/Shanghai,serene atmosphere,12/15/2026,2/15/2026
Lakeside Lodge,Jintan,China,CN,Asia/Chongqing,beautiful scenery,4/21/2026,1/17/2026
Cozy Cabin,Bārkhān,Pakistan,PK,Asia/Karachi,serene atmosphere,2/5/2026,10/23/2026
Tropical Bungalow,Paterson,United States,US,America/New_York,wonderful ambiance,2/26/2026,6/11/2026
Ski Chalet,Bulqizë,Albania,AL,Europe/Tirane,breath taking views,10/19/2026,5/20/2026
Luxury Yacht,Āstārā,Iran,IR,Asia/Tehran,amazing vibes,1/15/2026,9/12/2026
Jungle Treehouse,Barreiras,Portugal,PT,Europe/Lisbon,serene atmosphere,3/6/2026,5/8/2026
Tropical Retreat,Enonkoski,Finland,FI,Europe/Helsinki,serene atmosphere,4/19/2026,11/24/2026
Urban Studio,Blois,France,FR,Europe/Paris,breath taking views,4/20/2026,11/23/2026
Rustic Farmhouse,Ush-Tyube,Kazakhstan,KZ,Asia/Almaty,beautiful scenery,9/12/2026,5/5/2026
Ski Chalet,São Brás de Alportel,Portugal,PT,Europe/Lisbon,nostalgic vibes,10/24/2026,9/22/2026
Lakeside Chalet,Viga,Philippines,PH,Asia/Manila,breath taking views,4/30/2026,10/16/2026
Tropical Retreat,Sibut,Central African Republic,CF,Africa/Bangui,amazing vibes,1/15/2026,4/4/2026
Jungle Treehouse,Olutanga,Philippines,PH,Asia/Manila,perfect weather,4/16/2026,6/2/2026
Countryside Cottage,Clermont-Ferrand,France,FR,Europe/Paris,nostalgic vibes,3/21/2026,10/18/2026
Mountain Cabin,Fosca,Colombia,CO,America/Bogota,wonderful ambiance,10/9/2026,4/26/2026
Desert Oasis,Gumaus,Philippines,PH,Asia/Manila,nostalgic vibes,8/27/2026,7/7/2026
European Castle,Mandal,Mongolia,MN,Asia/Ulaanbaatar,beautiful scenery,10/4/2026,3/15/2026
Mountain Cabin,Kandi,Benin,BJ,Africa/Porto-Novo,beautiful scenery,10/24/2026,3/26/2026
Lakeside Lodge,Phu Khiao,Thailand,TH,Asia/Bangkok,breath taking views,10/16/2026,7/17/2026
European Castle,Krajan Suko Kidul,Indonesia,ID,Asia/Jakarta,breath taking views,10/5/2026,10/7/2026
Safari Tent,Buenos Aires,Mexico,MX,America/Mexico_City,serene atmosphere,3/29/2026,12/22/2026
Safari Lodge,Tseel,Mongolia,MN,Asia/Urumqi,breath taking views,12/11/2026,5/14/2026
Ski Resort,Nggalak,Indonesia,ID,Asia/Makassar,beautiful scenery,7/1/2026,1/23/2026
Mountain Retreat,Waddān,Libya,LY,Africa/Tripoli,breath taking views,4/22/2026,1/7/2026
Rustic Farmhouse,Besisahar,Nepal,NP,Asia/Kathmandu,breath taking views,5/28/2026,5/14/2026
Island Villa,Nîmes,France,FR,Europe/Paris,serene atmosphere,11/23/2026,1/28/2026
Island Villa,Jinanten,Indonesia,ID,Asia/Jakarta,amazing vibes,9/25/2026,7/11/2026
Lakefront Cottage,Bopu,China,CN,Asia/Chongqing,serene atmosphere,2/24/2026,10/18/2026
Beach House,Zhetian,China,CN,Asia/Shanghai,beautiful scenery,2/20/2026,8/8/2026
Safari Lodge,Chengjiang,China,CN,Asia/Chongqing,breath taking views,3/26/2026,4/11/2026
Riverside Cabin,Tit Mellil,Morocco,MA,Africa/Casablanca,serene atmosphere,9/22/2026,4/18/2026
Historic Mansion,Sohag,Egypt,EG,Africa/Cairo,nostalgic vibes,5/29/2026,12/20/2026
Rustic Farmhouse,Além do Rio,Portugal,PT,Europe/Lisbon,serene atmosphere,12/1/2026,8/21/2026
Historic Mansion,Cam Ranh,Vietnam,VN,Asia/Ho_Chi_Minh,breath taking views,10/12/2026,7/22/2026
Seaside Bungalow,Huizhou,China,CN,Asia/Chongqing,perfect weather,9/25/2026,4/22/2026
Glamping Dome,São Mateus,Brazil,BR,America/Sao_Paulo,serene atmosphere,8/21/2026,12/15/2026
Lakefront Cottage,Maskinongé,Canada,CA,America/Montreal,serene atmosphere,9/6/2026,1/12/2026
Ski Resort,Lexington,United States,US,America/New_York,perfect weather,3/1/2026,1/7/2026
Cozy B&B,Jianshe,China,CN,Asia/Chongqing,beautiful scenery,7/27/2026,8/22/2026
Beach Resort,Nīca,Latvia,LV,Europe/Riga,serene atmosphere,5/6/2026,11/11/2026
Rainforest Cabin,Cakran,Albania,AL,Europe/Tirane,wonderful ambiance,11/3/2026,8/29/2026
Ski Resort,Lueng Putu,Indonesia,ID,Asia/Jakarta,nostalgic vibes,7/12/2026,4/21/2026
Lake House,Huayuan,China,CN,Asia/Harbin,wonderful ambiance,5/29/2026,8/13/2026
Ski Chalet,Rude,Croatia,HR,Europe/Zagreb,nostalgic vibes,8/26/2026,7/21/2026
Riverside Cabin,Yueyang,China,CN,Asia/Shanghai,serene atmosphere,7/31/2026,10/13/2026
Tropical Island,Madura,Indonesia,ID,Asia/Jakarta,perfect weather,5/9/2026,9/15/2026
Historic Mansion,Tutong,Brunei,BN,Asia/Brunei,perfect weather,8/13/2026,12/26/2026
City Apartment,Shijiao,China,CN,Asia/Chongqing,nostalgic vibes,9/13/2026,2/21/2026
Historic Manor,Pecoro,Indonesia,ID,Asia/Jakarta,nostalgic vibes,5/14/2026,3/13/2026
City Townhouse,Khallat Ḩamāmah,Palestinian Territory,PS,Asia/Hebron,breath taking views,3/12/2026,4/12/2026
Rainforest Lodge,Changhan,Thailand,TH,Asia/Bangkok,serene atmosphere,11/8/2026,9/10/2026
Seaside Bungalow,Novo Hamburgo,Brazil,BR,America/Sao_Paulo,beautiful scenery,6/29/2026,1/23/2026
Jungle Treehouse,San Pablo,Costa Rica,CR,America/Costa_Rica,serene atmosphere,4/20/2026,1/17/2026
Ski Chalet,Bonoua,Ivory Coast,CI,Africa/Abidjan,nostalgic vibes,11/11/2026,4/4/2026
Rustic Farmhouse,Örebro,Sweden,SE,Europe/Stockholm,breath taking views,7/31/2026,10/8/2026
Rainforest Lodge,Goraj,Poland,PL,Europe/Warsaw,serene atmosphere,6/28/2026,11/22/2026
Tropical Retreat,Dadiharja,Indonesia,ID,Asia/Jakarta,wonderful ambiance,1/31/2026,11/20/2026
City Penthouse,Huatanshan,China,CN,Asia/Shanghai,wonderful ambiance,11/22/2026,6/27/2026
City Apartment,Tambakbaya,Indonesia,ID,Asia/Jakarta,perfect weather,9/17/2026,8/5/2026
City Penthouse,Yueshan,China,CN,Asia/Chongqing,serene atmosphere,6/4/2026,6/5/2026
Treehouse Villa,Fengjiang,China,CN,Asia/Shanghai,nostalgic vibes,6/30/2026,7/29/2026
Tropical Retreat,Lasi Dua,Indonesia,ID,Asia/Makassar,amazing vibes,2/8/2026,7/5/2026
Island Villa,Tinambacan,Philippines,PH,Asia/Manila,nostalgic vibes,3/15/2026,2/9/2026
Beachfront Villa,Shuitianhe,China,CN,Asia/Chongqing,wonderful ambiance,9/3/2026,7/25/2026
Seaside Bungalow,Lahan Sai,Thailand,TH,Asia/Bangkok,breath taking views,1/18/2026,1/29/2026
Countryside Cottage,Aoufous,Morocco,MA,Africa/Casablanca,wonderful ambiance,11/27/2026,1/15/2026
Treehouse Retreat,Klampis,Indonesia,ID,Asia/Makassar,perfect weather,10/4/2026,2/12/2026
Mountain Chalet,Minneapolis,United States,US,America/Chicago,beautiful scenery,2/6/2026,1/3/2026
Urban Loft,Sakharovo,Russia,RU,Europe/Moscow,breath taking views,3/30/2026,10/25/2026
Countryside Villa,Velká Bíteš,Czech Republic,CZ,Europe/Prague,perfect weather,6/14/2026,5/7/2026
Rainforest Lodge,Soubré,Ivory Coast,CI,Africa/Abidjan,beautiful scenery,9/18/2026,10/24/2026
Lakeside Lodge,Taiping,China,CN,Asia/Chongqing,beautiful scenery,11/10/2026,4/12/2026
Beachfront Villa,Xinye,China,CN,Asia/Chongqing,nostalgic vibes,4/21/2026,2/7/2026
Beachfront Villa,Duisburg,Germany,DE,Europe/Berlin,perfect weather,3/20/2026,7/4/2026
Riverside Cabin,Gunungmalang Satu,Indonesia,ID,Asia/Jakarta,perfect weather,9/12/2026,6/18/2026
Ski Resort,Guadalupe,Peru,PE,America/Lima,breath taking views,2/7/2026,3/15/2026
Luxury Resort,Katsuta,Japan,JP,Asia/Tokyo,beautiful scenery,5/12/2026,11/8/2026
Ski Lodge,Badīn,Pakistan,PK,Asia/Karachi,wonderful ambiance,8/6/2026,8/20/2026
Lakefront Cottage,Paitan Este,Philippines,PH,Asia/Manila,serene atmosphere,9/21/2026,6/30/2026
City Apartment,Diego de Almagro,Chile,CL,America/Santiago,serene atmosphere,1/13/2026,3/25/2026
Rustic Lodge,Xujiaqiao,China,CN,Asia/Shanghai,serene atmosphere,11/5/2026,12/11/2026
Seaside Cottage,Shibīn al Qanāţir,Egypt,EG,Africa/Cairo,beautiful scenery,12/6/2026,1/25/2026
Treehouse Retreat,Buga,Mongolia,MN,Asia/Ulaanbaatar,wonderful ambiance,7/1/2026,2/20/2026
Treehouse Villa,Ricardo Palma,Peru,PE,America/Lima,wonderful ambiance,1/17/2026,12/6/2026
Tropical Bungalow,Outeiro,Portugal,PT,Europe/Lisbon,wonderful ambiance,5/10/2026,7/8/2026
European Castle,Bobo-Dioulasso,Burkina Faso,BF,Africa/Ouagadougou,perfect weather,5/14/2026,4/16/2026
Countryside Cottage,San Jerónimo,Peru,PE,America/Lima,serene atmosphere,5/14/2026,12/15/2026
Countryside Villa,Lidu,China,CN,Asia/Chongqing,nostalgic vibes,6/5/2026,10/15/2026
Safari Tent,Salyan,Azerbaijan,AZ,Asia/Baku,serene atmosphere,5/8/2026,4/24/2026
Mountain Cabin,Scottsdale,United States,US,America/Phoenix,breath taking views,2/20/2026,7/28/2026
Urban Studio,Gālīkesh,Iran,IR,Asia/Tehran,breath taking views,12/30/2026,4/8/2026
Mountain Retreat,Příšovice,Czech Republic,CZ,Europe/Prague,amazing vibes,5/31/2026,2/1/2026
Historic Manor,Birmingham,United States,US,America/Chicago,perfect weather,6/29/2026,8/24/2026
Jungle Treehouse,Tianning,China,CN,Asia/Chongqing,amazing vibes,6/30/2026,11/26/2026
Beachfront Villa,La Cruz,Colombia,CO,America/Bogota,beautiful scenery,6/24/2026,10/19/2026
Tropical Bungalow,Zhuzuo,China,CN,Asia/Shanghai,nostalgic vibes,9/7/2026,11/16/2026
Seaside Bungalow,Agrela,Portugal,PT,Europe/Lisbon,amazing vibes,3/23/2026,10/2/2026
Seaside Cottage,Capelinha,Brazil,BR,America/Sao_Paulo,serene atmosphere,11/16/2026,5/18/2026
Mountain Chalet,Trikora,Indonesia,ID,Asia/Makassar,perfect weather,11/25/2026,11/9/2026
Riverside Cabin,Sumberpitu,Indonesia,ID,Asia/Jakarta,wonderful ambiance,5/22/2026,2/16/2026
Lakeside Lodge,Cesson,France,FR,Europe/Paris,nostalgic vibes,3/11/2026,12/7/2026
Ski Resort,Shatoujiao,China,CN,Asia/Chongqing,amazing vibes,3/29/2026,3/15/2026
Mountain Chalet,Tilburg,Netherlands,NL,Europe/Amsterdam,amazing vibes,7/5/2026,6/26/2026
Rainforest Cabin,Nal’chik,Russia,RU,Europe/Moscow,nostalgic vibes,7/6/2026,8/8/2026
Lakeside Lodge,Emmen,Netherlands,NL,Europe/Amsterdam,amazing vibes,12/12/2026,1/3/2027
Seaside Cottage,Marco de Canaveses,Portugal,PT,Europe/Lisbon,serene atmosphere,6/3/2026,2/13/2026
Glamping Dome,Uzda,Belarus,BY,Europe/Minsk,wonderful ambiance,7/1/2026,5/24/2026
Urban Studio,Bang Rakam,Thailand,TH,Asia/Bangkok,perfect weather,5/30/2026,12/16/2026
Countryside Villa,Cholpon-Ata,Kyrgyzstan,KG,Asia/Bishkek,amazing vibes,3/26/2026,9/16/2026
Urban Loft,Twyford,United Kingdom,GB,Europe/London,perfect weather,1/7/2026,8/20/2026
Mountain Cabin,Orita Eruwa,Nigeria,NG,Africa/Lagos,perfect weather,8/27/2026,2/27/2026
Jungle Bungalow,Bolinao,Philippines,PH,Asia/Manila,amazing vibes,12/22/2026,8/14/2026
Countryside Cottage,Taquari,Brazil,BR,America/Sao_Paulo,perfect weather,5/9/2026,9/1/2026
City Penthouse,Walton,United Kingdom,GB,Europe/London,serene atmosphere,9/1/2026,4/25/2026
Safari Tent,Visaginas,Lithuania,LT,Europe/Vilnius,perfect weather,3/30/2026,6/4/2026
Beachfront Villa,Camajuaní,Cuba,CU,America/Havana,amazing vibes,10/14/2026,3/2/2026
Rustic Lodge,Pallasovka,Russia,RU,Europe/Volgograd,serene atmosphere,11/22/2026,4/21/2026
Luxury Resort,Géfyra,Greece,GR,Europe/Athens,serene atmosphere,12/7/2026,7/18/2026
Seaside Cottage,Xiaoruo,China,CN,Asia/Shanghai,perfect weather,1/19/2026,5/8/2026
Rainforest Cabin,Cimo de Vila,Portugal,PT,Europe/Lisbon,perfect weather,2/26/2026,6/28/2026
Ski Lodge,Huilongshan,China,CN,Asia/Shanghai,perfect weather,1/9/2026,8/7/2026
Jungle Bungalow,Xianglan,China,CN,Asia/Harbin,nostalgic vibes,4/16/2026,11/18/2026
Mountain Cabin,Barbacena,Brazil,BR,America/Sao_Paulo,amazing vibes,12/19/2026,8/3/2026
Ski Chalet,Castanheira,Portugal,PT,Europe/Lisbon,breath taking views,3/21/2026,8/23/2026
Seaside Bungalow,Croissy-sur-Seine,France,FR,Europe/Paris,beautiful scenery,12/6/2026,4/26/2026
Lakeside Chalet,Fukuyama,Japan,JP,Asia/Tokyo,breath taking views,2/14/2026,5/12/2026
Mountain Chalet,Bergen,Norway,NO,Europe/Oslo,perfect weather,12/30/2026,4/4/2026
Rainforest Cabin,Hongsihu,China,CN,Asia/Chongqing,perfect weather,10/16/2026,7/11/2026
Treehouse Villa,Pajić Polje,Bosnia and Herzegovina,BA,Europe/Sarajevo,nostalgic vibes,6/15/2026,9/8/2026
City Apartment,Juntang,China,CN,Asia/Chongqing,amazing vibes,1/2/2026,7/15/2026
Lakefront Cottage,Kokop,Indonesia,ID,Asia/Makassar,breath taking views,1/22/2026,8/10/2026
European Castle,Skien,Norway,NO,Europe/Oslo,serene atmosphere,5/2/2026,2/4/2026
Seaside Bungalow,La Maná,Ecuador,EC,America/Guayaquil,amazing vibes,3/2/2026,4/24/2026
Mountain Retreat,Rogowo,Poland,PL,Europe/Warsaw,wonderful ambiance,4/16/2026,1/29/2026
Treehouse Retreat,Drybin,Belarus,BY,Europe/Minsk,nostalgic vibes,2/8/2026,1/10/2026
Rainforest Lodge,Linhó,Portugal,PT,Europe/Lisbon,breath taking views,12/5/2026,10/12/2026
Tropical Bungalow,Monkey Hill,Saint Kitts and Nevis,KN,America/St_Kitts,wonderful ambiance,8/15/2026,10/24/2026
Luxury Yacht,Sabirabad,Azerbaijan,AZ,Asia/Baku,serene atmosphere,12/29/2026,8/23/2026
Desert Oasis,Caminaca,Peru,PE,America/Lima,breath taking views,11/28/2026,11/22/2026
Luxury Yacht,Kriel,South Africa,ZA,Africa/Johannesburg,amazing vibes,12/12/2026,11/8/2026
Safari Tent,Mġarr,Malta,MT,Europe/Malta,wonderful ambiance,5/12/2026,3/31/2026
Luxury Yacht,Rîbniţa,Moldova,MD,Europe/Chisinau,breath taking views,7/29/2026,1/15/2026
Historic Manor,Nam Khun,Thailand,TH,Asia/Bangkok,amazing vibes,4/25/2026,12/12/2026
Seaside Cottage,Baga Borihe,China,CN,Asia/Harbin,beautiful scenery,10/16/2026,7/18/2026
Jungle Treehouse,Brody,Poland,PL,Europe/Warsaw,nostalgic vibes,7/16/2026,4/20/2026
European Castle,Batarasa,Philippines,PH,Asia/Manila,beautiful scenery,12/30/2026,9/19/2026
Mountain Cabin,Lingkou,China,CN,Asia/Shanghai,serene atmosphere,8/18/2026,2/22/2026
European Castle,Nacka,Sweden,SE,Europe/Stockholm,amazing vibes,7/19/2026,7/18/2026
Cozy B&B,Babao,China,CN,Asia/Chongqing,serene atmosphere,7/11/2026,4/21/2026
Rainforest Lodge,Loma Alta,Mexico,MX,America/Monterrey,perfect weather,6/22/2026,7/12/2026
Jungle Bungalow,Kaishantun,China,CN,Asia/Pyongyang,serene atmosphere,12/23/2026,7/4/2026
Treehouse Villa,Diffa,Niger,NE,Africa/Niamey,nostalgic vibes,11/15/2026,5/19/2026
Treehouse Villa,Nirji,China,CN,Asia/Harbin,breath taking views,6/28/2026,1/17/2026
Island Retreat,Xieji,China,CN,Asia/Chongqing,wonderful ambiance,7/19/2026,5/22/2026
Beachfront Villa,Los Angeles,United States,US,America/Los_Angeles,perfect weather,4/18/2026,6/3/2026
Jungle Bungalow,Rumyantsevo,Russia,RU,Europe/Moscow,wonderful ambiance,6/21/2026,2/4/2026
Luxury Resort,Strohonivka,Ukraine,UA,Europe/Simferopol,breath taking views,9/24/2026,1/2/2027
Cozy B&B,Klole,Indonesia,ID,Asia/Jakarta,serene atmosphere,7/31/2026,2/16/2026
European Castle,Langtad,Philippines,PH,Asia/Manila,perfect weather,5/11/2026,9/3/2026
Jungle Treehouse,Cipolletti,Argentina,AR,America/Argentina/Salta,beautiful scenery,10/3/2026,1/12/2026
Luxury Yacht,Zevenaar,Netherlands,NL,Europe/Amsterdam,wonderful ambiance,9/1/2026,9/5/2026
Luxury Yacht,Kotabunan,Indonesia,ID,Asia/Makassar,amazing vibes,1/31/2026,8/20/2026
Jungle Bungalow,Washington,United States,US,America/New_York,beautiful scenery,11/28/2026,2/3/2026
Seaside Cottage,Sahline,Tunisia,TN,Africa/Tunis,wonderful ambiance,7/28/2026,11/29/2026
City Penthouse,Jelat,Indonesia,ID,Asia/Jakarta,breath taking views,11/27/2026,8/12/2026
Luxury Resort,Uusikaupunki,Finland,FI,Europe/Helsinki,perfect weather,1/19/2026,10/3/2026
Rainforest Lodge,El Puerto,Dominican Republic,DO,America/Santo_Domingo,beautiful scenery,5/15/2026,3/6/2026
Tropical Retreat,Tamianglayang,Indonesia,ID,Asia/Makassar,wonderful ambiance,7/21/2026,6/26/2026
Treehouse Retreat,Czchów,Poland,PL,Europe/Warsaw,perfect weather,3/9/2026,12/2/2026
Lake House,Roubaix,France,FR,Europe/Paris,wonderful ambiance,1/22/2026,7/25/2026
Jungle Treehouse,Lakkíon,Greece,GR,Europe/Istanbul,perfect weather,9/10/2026,1/27/2026
Rustic Lodge,Chalon-sur-Saône,France,FR,Europe/Paris,breath taking views,12/12/2026,4/23/2026
Safari Lodge,Dasha,China,CN,Asia/Chongqing,wonderful ambiance,9/16/2026,3/17/2026
Beach House,Dorp Antriol,"Bonaire, Saint Eustatius and Saba ",BQ,America/Curacao,wonderful ambiance,1/31/2026,2/24/2026
Beach Resort,Helang,China,CN,Asia/Chongqing,wonderful ambiance,9/15/2026,9/26/2026
Desert Oasis,Jedlina-Zdrój,Poland,PL,Europe/Warsaw,serene atmosphere,11/21/2026,12/2/2026
Ski Chalet,Las Tejeras,Honduras,HN,America/Tegucigalpa,nostalgic vibes,2/21/2026,12/2/2026
Ski Chalet,Porto Seguro,Brazil,BR,America/Bahia,serene atmosphere,8/12/2026,3/6/2026
Seaside Bungalow,Qinghua,China,CN,Asia/Shanghai,amazing vibes,6/1/2026,9/22/2026
Rustic Farmhouse,Longgang,China,CN,Asia/Shanghai,nostalgic vibes,7/10/2026,8/19/2026
Treehouse Villa,Yidao,China,CN,Asia/Shanghai,perfect weather,9/24/2026,6/18/2026
European Castle,Kalapanunggal,Indonesia,ID,Asia/Jakarta,serene atmosphere,9/12/2026,9/1/2026
Cozy B&B,Huangdu,China,CN,Asia/Chongqing,breath taking views,11/29/2026,7/24/2026
Rustic Lodge,Yamada,Japan,JP,Asia/Tokyo,breath taking views,6/20/2026,8/15/2026
Tropical Retreat,Muzidian,China,CN,Asia/Shanghai,nostalgic vibes,7/21/2026,7/17/2026
Urban Studio,Sicamous,Canada,CA,America/Vancouver,serene atmosphere,5/7/2026,8/27/2026
Tropical Retreat,Sunne,Sweden,SE,Europe/Stockholm,nostalgic vibes,5/3/2026,5/21/2026
Island Villa,Langxi,China,CN,Asia/Chongqing,beautiful scenery,10/3/2026,9/22/2026
Tropical Island,Lyubar,Ukraine,UA,Europe/Kiev,wonderful ambiance,2/28/2026,3/4/2026
City Apartment,Pindangan Centro,Philippines,PH,Asia/Manila,wonderful ambiance,2/2/2026,8/5/2026
Treehouse Villa,Baoxing,China,CN,Asia/Harbin,beautiful scenery,3/1/2026,2/3/2026
Island Villa,Dębów,Poland,PL,Europe/Warsaw,serene atmosphere,1/18/2026,7/26/2026
Seaside Bungalow,Lingcheng,China,CN,Asia/Shanghai,serene atmosphere,1/15/2026,7/2/2026
Ski Chalet,Mafang,China,CN,Asia/Chongqing,beautiful scenery,5/19/2026,3/5/2026
Tropical Island,Jamaica,United States,US,America/New_York,beautiful scenery,5/31/2026,3/26/2026
Rainforest Cabin,Zuru,Nigeria,NG,Africa/Lagos,serene atmosphere,10/16/2026,9/19/2026
Safari Lodge,Normanton,United Kingdom,GB,Europe/London,amazing vibes,8/24/2026,1/13/2026
Rustic Farmhouse,Envigado,Colombia,CO,America/Bogota,breath taking views,6/22/2026,10/27/2026
City Townhouse,Weitang,China,CN,Asia/Shanghai,wonderful ambiance,11/2/2026,6/15/2026
Glamping Dome,Usevia,Tanzania,TZ,Africa/Dar_es_Salaam,beautiful scenery,2/23/2026,1/7/2026
Treehouse Retreat,Sohbatpur,Pakistan,PK,Asia/Karachi,amazing vibes,10/1/2026,4/1/2026
Jungle Treehouse,Marinha,Portugal,PT,Europe/Lisbon,perfect weather,5/7/2026,5/21/2026
Riverside Cabin,Hengelo,Netherlands,NL,Europe/Amsterdam,wonderful ambiance,9/12/2026,2/12/2026
Urban Loft,Esquel,Argentina,AR,America/Argentina/Catamarca,serene atmosphere,8/3/2026,6/18/2026
City Townhouse,Chiscas,Colombia,CO,America/Bogota,nostalgic vibes,2/11/2026,2/26/2026
Tropical Bungalow,Kumalarang,Philippines,PH,Asia/Manila,nostalgic vibes,11/13/2026,4/18/2026
Mountain Cabin,Limatambo,Peru,PE,America/Lima,wonderful ambiance,6/13/2026,2/16/2026
Ski Resort,Bajo Naranjillo,Peru,PE,America/Lima,nostalgic vibes,10/28/2026,10/7/2026
Ski Lodge,Pingshan,China,CN,Asia/Harbin,beautiful scenery,10/9/2026,12/12/2026
Urban Loft,Penghua,China,CN,Asia/Shanghai,beautiful scenery,12/18/2026,12/6/2026
Ski Lodge,Solnechnyy,Russia,RU,Asia/Vladivostok,nostalgic vibes,6/26/2026,10/2/2026
Rustic Farmhouse,Beicheng,China,CN,Asia/Shanghai,nostalgic vibes,4/17/2026,6/14/2026
Tropical Bungalow,Aveiro,Portugal,PT,Europe/Lisbon,breath taking views,1/26/2026,6/8/2026
Island Villa,Kamenný Přívoz,Czech Republic,CZ,Europe/Prague,wonderful ambiance,2/19/2026,4/20/2026
City Apartment,Campo Viera,Argentina,AR,America/Argentina/Cordoba,breath taking views,3/13/2026,4/12/2026
Glamping Dome,Cipatujah,Indonesia,ID,Asia/Jakarta,breath taking views,8/23/2026,12/28/2026
Luxury Resort,Xiabaishi,China,CN,Asia/Shanghai,amazing vibes,12/15/2026,6/10/2026
Rustic Lodge,Mekarsari,Indonesia,ID,Asia/Jakarta,serene atmosphere,10/4/2026,12/4/2026
Rainforest Lodge,Garang,China,CN,Asia/Chongqing,amazing vibes,4/25/2026,4/15/2026
Lakefront Cottage,Jitan,China,CN,Asia/Shanghai,nostalgic vibes,6/19/2026,10/29/2026
Treehouse Retreat,Linxia Chengguanzhen,China,CN,Asia/Chongqing,amazing vibes,12/22/2026,6/21/2026
Ski Lodge,Baytā al Fawqā,Palestinian Territory,PS,Asia/Hebron,wonderful ambiance,4/18/2026,2/9/2026
Ski Lodge,Neochórion,Greece,GR,Europe/Athens,serene atmosphere,5/26/2026,2/18/2026
Rustic Lodge,Yanwang,China,CN,Asia/Chongqing,beautiful scenery,8/28/2026,6/4/2026
Urban Studio,Mafraq,Jordan,JO,Asia/Amman,perfect weather,5/22/2026,3/1/2026
Jungle Bungalow,Yangjiao,China,CN,Asia/Chongqing,nostalgic vibes,6/1/2026,7/21/2026
Desert Oasis,Lekas,Albania,AL,Europe/Tirane,beautiful scenery,1/21/2026,8/10/2026
Luxury Resort,Darnah,Libya,LY,Africa/Tripoli,amazing vibes,7/27/2026,6/22/2026
Countryside Villa,Lidingö,Sweden,SE,Europe/Stockholm,breath taking views,9/26/2026,12/14/2026
Beach Resort,Berlin,Germany,DE,Europe/Berlin,wonderful ambiance,2/10/2026,4/8/2026
Jungle Treehouse,Anda,Philippines,PH,Asia/Manila,serene atmosphere,11/10/2026,9/30/2026
Beach Resort,Cipicung Timur,Indonesia,ID,Asia/Jakarta,perfect weather,4/5/2026,6/8/2026
Mountain Retreat,Huyunxiang,China,CN,Asia/Shanghai,serene atmosphere,3/26/2026,10/5/2026
Riverside Cabin,Markópoulo,Greece,GR,Europe/Athens,amazing vibes,5/30/2026,6/14/2026
Countryside Villa,Ciela Lebak,Indonesia,ID,Asia/Jakarta,breath taking views,5/29/2026,4/12/2026
Mountain Chalet,Erniusuokou,China,CN,Asia/Harbin,wonderful ambiance,11/4/2026,8/28/2026
Treehouse Villa,Tbêng Méanchey,Cambodia,KH,Asia/Phnom_Penh,serene atmosphere,12/8/2026,11/25/2026
Beachfront Villa,Cerro Blanco,Honduras,HN,America/Tegucigalpa,perfect weather,6/2/2026,2/1/2026
Desert Oasis,Nelipyno,Ukraine,UA,Europe/Uzhgorod,serene atmosphere,2/18/2026,11/1/2026
City Apartment,Bektemir,Uzbekistan,UZ,Asia/Tashkent,wonderful ambiance,8/19/2026,11/28/2026
Countryside Cottage,Uritsk,Russia,RU,Europe/Moscow,beautiful scenery,7/19/2026,8/23/2026
Mountain Retreat,Lyon,France,FR,Europe/Paris,amazing vibes,6/7/2026,1/9/2026
Desert Oasis,Galaz,Morocco,MA,Africa/Casablanca,serene atmosphere,2/6/2026,2/23/2026
Seaside Cottage,Gujō,Japan,JP,Asia/Tokyo,amazing vibes,11/28/2026,2/15/2026
Historic Mansion,Huangbizhuang,China,CN,Asia/Shanghai,perfect weather,11/14/2026,11/2/2026
Rainforest Lodge,Novyy Uoyan,Russia,RU,Asia/Irkutsk,wonderful ambiance,4/8/2026,11/15/2026
Beach House,Shwebo,Myanmar,MM,Asia/Rangoon,breath taking views,11/26/2026,11/1/2026
Ski Resort,Dayrūţ,Egypt,EG,Africa/Cairo,wonderful ambiance,10/22/2026,1/4/2026
Island Villa,Dem’yanovo,Russia,RU,Europe/Moscow,breath taking views,1/3/2026,1/1/2027
Rainforest Cabin,Muleba,Tanzania,TZ,Africa/Dar_es_Salaam,beautiful scenery,2/24/2026,3/27/2026
Ski Chalet,Dassa-Zoumé,Benin,BJ,Africa/Porto-Novo,beautiful scenery,12/8/2026,11/28/2026
Lakeside Chalet,Katrineholm,Sweden,SE,Europe/Stockholm,breath taking views,12/12/2026,6/30/2026
Desert Oasis,El Suyatal,Honduras,HN,America/Tegucigalpa,beautiful scenery,8/22/2026,4/26/2026
Urban Loft,Yankou,China,CN,Asia/Chongqing,serene atmosphere,5/23/2026,4/23/2026
Countryside Cottage,Jayawangi,Indonesia,ID,Asia/Jakarta,perfect weather,10/17/2026,1/22/2026
Seaside Cottage,Rio Piracicaba,Brazil,BR,America/Sao_Paulo,wonderful ambiance,4/8/2026,5/26/2026
Lakeside Chalet,Lashkar Gāh,Afghanistan,AF,Asia/Kabul,beautiful scenery,9/6/2026,7/15/2026
Treehouse Retreat,Port-de-Bouc,France,FR,Europe/Paris,breath taking views,8/5/2026,2/3/2026
Treehouse Retreat,Port Sudan,Sudan,SD,Africa/Khartoum,amazing vibes,1/16/2026,12/28/2026
Ski Resort,Lomba,Portugal,PT,Europe/Lisbon,breath taking views,3/20/2026,4/27/2026
Treehouse Retreat,Kralice na Hané,Czech Republic,CZ,Europe/Prague,amazing vibes,8/9/2026,4/15/2026
Historic Mansion,Roissy Charles-de-Gaulle,France,FR,Europe/Paris,beautiful scenery,5/23/2026,7/19/2026
Countryside Cottage,Ronda,Philippines,PH,Asia/Manila,perfect weather,2/10/2026,8/20/2026
Ski Resort,Varberg,Sweden,SE,Europe/Stockholm,nostalgic vibes,4/1/2026,12/13/2026
Rustic Farmhouse,Neftobod,Tajikistan,TJ,Asia/Dushanbe,nostalgic vibes,1/15/2026,11/20/2026
Lakeside Chalet,Xianqiao,China,CN,Asia/Shanghai,serene atmosphere,12/25/2026,12/6/2026
Jungle Treehouse,Białobrzegi,Poland,PL,Europe/Warsaw,perfect weather,2/16/2026,12/22/2026
Lake House,Fangfan,China,CN,Asia/Shanghai,amazing vibes,10/17/2026,8/13/2026
Ski Lodge,Sokol’niki,Russia,RU,Europe/Moscow,wonderful ambiance,2/17/2026,1/15/2026
Lakeside Chalet,Ishkhoy-Yurt,Russia,RU,Europe/Moscow,breath taking views,9/13/2026,1/5/2026
Tropical Bungalow,Kaga Bandoro,Central African Republic,CF,Africa/Bangui,breath taking views,8/20/2026,2/2/2026
Historic Mansion,Khalīlābād,Iran,IR,Asia/Tehran,amazing vibes,9/1/2026,9/5/2026
Ski Chalet,Beitai,China,CN,Asia/Shanghai,beautiful scenery,8/26/2026,3/8/2026
Jungle Bungalow,Arroyo Seco,Mexico,MX,America/Mexico_City,nostalgic vibes,9/13/2026,1/13/2026
Island Villa,Barreiro,Portugal,PT,Europe/Lisbon,serene atmosphere,12/20/2026,11/29/2026
Safari Lodge,Huipinggeng,China,CN,Asia/Shanghai,wonderful ambiance,1/4/2026,2/8/2026
Jungle Bungalow,Nixi,China,CN,Asia/Chongqing,nostalgic vibes,8/27/2026,2/10/2026
Treehouse Villa,Invercargill,New Zealand,NZ,Pacific/Auckland,nostalgic vibes,6/6/2026,5/4/2026
Safari Tent,Egvekinot,Russia,RU,America/Anchorage,serene atmosphere,12/25/2026,8/10/2026
Cozy B&B,Carayaó,Paraguay,PY,America/Asuncion,breath taking views,12/22/2026,9/29/2026
Lakefront Cottage,Ożarowice,Poland,PL,Europe/Warsaw,perfect weather,4/29/2026,1/22/2026
Luxury Yacht,Luyang,China,CN,Asia/Shanghai,serene atmosphere,3/26/2026,4/26/2026
Lakeside Lodge,Elói Mendes,Brazil,BR,America/Sao_Paulo,beautiful scenery,7/26/2026,11/26/2026
Ski Resort,Périgny,France,FR,Europe/Paris,breath taking views,8/13/2026,8/10/2026
Lakeside Chalet,Savé,Benin,BJ,Africa/Porto-Novo,perfect weather,12/28/2026,3/9/2026
Mountain Chalet,Maca,Peru,PE,America/Lima,breath taking views,5/28/2026,6/6/2026
Beachfront Villa,Wenjiao,China,CN,Asia/Chongqing,nostalgic vibes,6/20/2026,11/12/2026
Glamping Tent,Oslo,Norway,NO,Europe/Oslo,perfect weather,7/5/2026,4/26/2026
Lake House,Mellieħa,Malta,MT,Europe/Malta,serene atmosphere,5/31/2026,10/26/2026
Ski Chalet,Abilay,Philippines,PH,Asia/Manila,beautiful scenery,12/25/2026,6/11/2026
Treehouse Retreat,Yuanjue,China,CN,Asia/Chongqing,nostalgic vibes,3/8/2026,1/18/2026
Lake House,Kebonan,Indonesia,ID,Asia/Jakarta,nostalgic vibes,12/7/2026,9/27/2026
Island Villa,Daming,China,CN,Asia/Shanghai,perfect weather,8/7/2026,1/6/2026
Beach Resort,Ingenio,Peru,PE,America/Lima,serene atmosphere,11/13/2026,5/18/2026
Safari Lodge,Gävle,Sweden,SE,Europe/Stockholm,amazing vibes,9/13/2026,9/10/2026
Jungle Treehouse,Si Bun Rueang,Thailand,TH,Asia/Bangkok,serene atmosphere,9/2/2026,12/21/2026
Ski Resort,Lávara,Greece,GR,Europe/Athens,serene atmosphere,5/4/2026,11/21/2026
City Penthouse,Moosomin,Canada,CA,America/Regina,beautiful scenery,10/2/2026,1/30/2026
Cozy Cabin,Fredrikstad,Norway,NO,Europe/Oslo,breath taking views,7/22/2026,7/31/2026
European Castle,Enköping,Sweden,SE,Europe/Stockholm,beautiful scenery,11/25/2026,1/6/2026
Lakeside Lodge,Miura,Japan,JP,Asia/Tokyo,breath taking views,10/7/2026,11/20/2026
Riverside Cabin,Kawaguchi,Japan,JP,Asia/Tokyo,wonderful ambiance,7/8/2026,11/18/2026
Jungle Treehouse,Newala Kisimani,Tanzania,TZ,Africa/Dar_es_Salaam,breath taking views,9/3/2026,8/7/2026
Tropical Island,Querocotillo,Peru,PE,America/Lima,serene atmosphere,7/25/2026,7/11/2026
Rustic Farmhouse,Remas,Albania,AL,Europe/Tirane,nostalgic vibes,3/30/2026,3/4/2026
Lakeside Lodge,São Sebastião do Passé,Brazil,BR,America/Bahia,perfect weather,12/5/2026,1/26/2026
Desert Oasis,Dueñas,Philippines,PH,Asia/Manila,nostalgic vibes,5/5/2026,9/17/2026
Cozy B&B,Yiliu,China,CN,Asia/Chongqing,amazing vibes,6/3/2026,10/1/2026
Tropical Island,Guder,Ethiopia,ET,Africa/Addis_Ababa,nostalgic vibes,5/28/2026,4/17/2026
Seaside Bungalow,Hushan,China,CN,Asia/Shanghai,serene atmosphere,10/16/2026,8/2/2026
Countryside Villa,Lanat,Philippines,PH,Asia/Manila,wonderful ambiance,5/8/2026,5/30/2026
Lakeside Chalet,Emmen,Netherlands,NL,Europe/Amsterdam,beautiful scenery,12/3/2026,2/26/2026
Historic Mansion,Kurashiki,Japan,JP,Asia/Tokyo,beautiful scenery,11/19/2026,5/6/2026
City Apartment,Uchkeken,Russia,RU,Europe/Moscow,serene atmosphere,6/24/2026,8/23/2026
Tropical Retreat,Hai’an,China,CN,Asia/Chongqing,breath taking views,7/5/2026,11/28/2026
Treehouse Retreat,Hebu,China,CN,Asia/Shanghai,amazing vibes,11/21/2026,10/21/2026
Riverside Cabin,Agkathiá,Greece,GR,Europe/Athens,amazing vibes,8/14/2026,5/22/2026
Luxury Yacht,Ambato,Ecuador,EC,America/Guayaquil,breath taking views,5/2/2026,7/1/2026
Urban Loft,Eséka,Cameroon,CM,Africa/Douala,perfect weather,7/24/2026,8/3/2026
City Townhouse,Puqi,China,CN,Asia/Shanghai,wonderful ambiance,3/30/2026,1/12/2026
Desert Oasis,Rashaant,Mongolia,MN,Asia/Ulaanbaatar,wonderful ambiance,10/12/2026,5/11/2026
Historic Mansion,Gancheng,China,CN,Asia/Chongqing,wonderful ambiance,5/26/2026,2/20/2026
Historic Manor,Poniklá,Czech Republic,CZ,Europe/Prague,amazing vibes,3/26/2026,10/11/2026
Glamping Dome,Ulbroka,Latvia,LV,Europe/Riga,breath taking views,5/3/2026,9/12/2026
Luxury Resort,Velká Dobrá,Czech Republic,CZ,Europe/Prague,amazing vibes,7/24/2026,1/11/2026
Tropical Bungalow,Kodamachō-kodamaminami,Japan,JP,Asia/Tokyo,breath taking views,8/7/2026,10/2/2026
City Townhouse,Hässleholm,Sweden,SE,Europe/Stockholm,wonderful ambiance,6/2/2026,1/28/2026
Urban Loft,Užice,Serbia,RS,Europe/Belgrade,beautiful scenery,9/20/2026,9/12/2026
Glamping Dome,La Azulita,Venezuela,VE,America/Caracas,wonderful ambiance,2/4/2026,4/12/2026
Safari Tent,Houmen,China,CN,Asia/Shanghai,serene atmosphere,2/6/2026,3/30/2026
Rainforest Cabin,Dầu Tiếng,Vietnam,VN,Asia/Ho_Chi_Minh,amazing vibes,7/13/2026,10/11/2026
Cozy B&B,Pantaibesar,Indonesia,ID,Asia/Makassar,perfect weather,3/21/2026,9/26/2026
Luxury Resort,Thung Khru,Thailand,TH,Asia/Bangkok,perfect weather,3/14/2026,8/15/2026
Safari Lodge,Florida,Honduras,HN,America/Tegucigalpa,beautiful scenery,9/7/2026,3/24/2026
Luxury Resort,Unaizah,Saudi Arabia,SA,Asia/Riyadh,beautiful scenery,12/10/2026,2/17/2026
Lakefront Cottage,Makilala,Philippines,PH,Asia/Manila,nostalgic vibes,4/10/2026,2/28/2026
Rainforest Cabin,Xihu,China,CN,Asia/Urumqi,breath taking views,5/9/2026,5/16/2026
Glamping Dome,Aquin,Haiti,HT,America/Port-au-Prince,wonderful ambiance,1/31/2026,6/16/2026
Rainforest Cabin,Kępie Żaleszańskie,Poland,PL,Europe/Warsaw,nostalgic vibes,2/3/2026,2/1/2026
Jungle Bungalow,Nansheng,China,CN,Asia/Chongqing,serene atmosphere,5/18/2026,6/5/2026
Countryside Cottage,Dongshangen,China,CN,Asia/Harbin,wonderful ambiance,4/20/2026,10/13/2026
Countryside Villa,Morelos,Mexico,MX,America/Mexico_City,beautiful scenery,9/26/2026,12/7/2026
Seaside Cottage,Kota Kinabalu,Malaysia,MY,Asia/Kuching,beautiful scenery,8/1/2026,8/1/2026
Rustic Lodge,Daet,Philippines,PH,Asia/Manila,wonderful ambiance,4/2/2026,3/8/2026
Rustic Lodge,Na Wa,Thailand,TH,Asia/Bangkok,wonderful ambiance,12/7/2026,8/30/2026
Luxury Resort,"Villa Presidente Frei, Ñuñoa, Santiago, Chile",Chile,CL,America/Santiago,nostalgic vibes,7/17/2026,8/20/2026
Tropical Retreat,Xialaba,China,CN,Asia/Shanghai,breath taking views,2/28/2026,12/5/2026
Lakeside Lodge,Barraute,Canada,CA,America/Montreal,amazing vibes,3/23/2026,1/7/2026
Lakeside Chalet,Mabai,China,CN,Asia/Chongqing,wonderful ambiance,3/31/2026,12/8/2026
Glamping Dome,Zhaoyuan,China,CN,Asia/Harbin,breath taking views,3/20/2026,10/26/2026
Glamping Tent,Funza,Colombia,CO,America/Bogota,perfect weather,4/9/2026,12/31/2026
Rainforest Cabin,Okocim,Poland,PL,Europe/Warsaw,breath taking views,8/22/2026,10/28/2026
Historic Manor,Al Fuwayliq,Saudi Arabia,SA,Asia/Riyadh,wonderful ambiance,7/19/2026,7/5/2026
Ski Chalet,Nikolayevka,Russia,RU,Europe/Volgograd,amazing vibes,1/14/2026,5/27/2026
European Castle,Mariquita,Colombia,CO,America/Bogota,perfect weather,1/22/2026,3/30/2026
Desert Oasis,Kangshan,China,CN,Asia/Shanghai,beautiful scenery,10/28/2026,7/18/2026
Lakefront Cottage,Sim,Russia,RU,Asia/Yekaterinburg,amazing vibes,3/20/2026,7/19/2026
Lakeside Lodge,Narutochō-mitsuishi,Japan,JP,Asia/Tokyo,beautiful scenery,8/3/2026,3/2/2026
Tropical Bungalow,Huadian,China,CN,Asia/Harbin,nostalgic vibes,3/30/2026,12/15/2026
Seaside Bungalow,Allen,Philippines,PH,Asia/Manila,breath taking views,7/17/2026,8/21/2026
Safari Lodge,Nālūt,Libya,LY,Africa/Tripoli,wonderful ambiance,9/9/2026,11/24/2026
Lakeside Chalet,Dushu,China,CN,Asia/Chongqing,breath taking views,5/19/2026,9/16/2026
Countryside Villa,Veldhoven,Netherlands,NL,Europe/Amsterdam,amazing vibes,4/29/2026,3/8/2026
European Castle,Shuixi,China,CN,Asia/Shanghai,nostalgic vibes,11/15/2026,9/25/2026
Seaside Cottage,Rauna,Latvia,LV,Europe/Riga,amazing vibes,3/20/2026,5/17/2026
Lakeside Chalet,Louisville,United States,US,America/Kentucky/Louisville,serene atmosphere,9/4/2026,3/17/2026
Ski Chalet,Maizuru,Japan,JP,Asia/Tokyo,beautiful scenery,12/17/2026,1/30/2026
Jungle Treehouse,La Gloria,Mexico,MX,America/Mexico_City,breath taking views,9/23/2026,8/26/2026
Ski Lodge,Jepuro,Indonesia,ID,Asia/Jakarta,amazing vibes,2/26/2026,4/4/2026
Island Retreat,Krajan Craken,Indonesia,ID,Asia/Jakarta,breath taking views,6/30/2026,8/11/2026
Lakefront Cottage,Apodi,Brazil,BR,America/Fortaleza,nostalgic vibes,5/22/2026,9/28/2026
Beach House,Vista Hermosa,Mexico,MX,America/Mexico_City,serene atmosphere,1/23/2026,9/21/2026
Urban Studio,Dongshe,China,CN,Asia/Shanghai,serene atmosphere,9/26/2026,1/18/2026
Glamping Dome,Valday,Russia,RU,Europe/Moscow,breath taking views,7/10/2026,3/30/2026
Rainforest Lodge,Stará Ves nad Ondřejnicí,Czech Republic,CZ,Europe/Prague,nostalgic vibes,5/12/2026,10/13/2026
Glamping Dome,Godong,Indonesia,ID,Asia/Jakarta,nostalgic vibes,3/22/2026,5/2/2026
European Castle,Houmt Souk,Tunisia,TN,Africa/Tunis,nostalgic vibes,3/7/2026,8/5/2026
Safari Lodge,Linao,Philippines,PH,Asia/Manila,serene atmosphere,6/20/2026,2/15/2026
Treehouse Retreat,Hongxing,China,CN,Asia/Harbin,nostalgic vibes,6/8/2026,8/26/2026
Luxury Yacht,Nova Praha,Ukraine,UA,Europe/Zaporozhye,perfect weather,12/2/2026,9/28/2026
City Penthouse,Cipicung Timur,Indonesia,ID,Asia/Jakarta,nostalgic vibes,9/15/2026,2/5/2026
Mountain Retreat,Łomianki,Poland,PL,Europe/Warsaw,perfect weather,10/14/2026,7/28/2026
Treehouse Villa,Shīnḏanḏ,Afghanistan,AF,Asia/Kabul,wonderful ambiance,5/22/2026,7/2/2026
Mountain Retreat,Nayoro,Japan,JP,Asia/Tokyo,beautiful scenery,5/31/2026,9/4/2026
Seaside Cottage,Lấp Vò,Vietnam,VN,Asia/Ho_Chi_Minh,beautiful scenery,12/18/2026,12/4/2026
Historic Manor,Shang Boingor,China,CN,Asia/Chongqing,nostalgic vibes,11/6/2026,10/30/2026
Seaside Bungalow,Krasnodon,Ukraine,UA,Europe/Zaporozhye,wonderful ambiance,1/13/2026,6/27/2026
Safari Tent,Zhaowanzhuang,China,CN,Asia/Shanghai,wonderful ambiance,1/21/2026,9/18/2026
Beach Resort,Surkh Bilandī,Afghanistan,AF,Asia/Kabul,wonderful ambiance,12/8/2026,3/13/2026
Treehouse Villa,Kisii,Kenya,KE,Africa/Nairobi,breath taking views,4/10/2026,8/30/2026
Historic Mansion,Hāfizābād,Pakistan,PK,Asia/Karachi,breath taking views,11/23/2026,5/30/2026
Tropical Retreat,Lidingö,Sweden,SE,Europe/Stockholm,serene atmosphere,12/29/2026,1/30/2026
Treehouse Villa,Canggou,China,CN,Asia/Chongqing,breath taking views,7/2/2026,5/18/2026
Countryside Cottage,Tomilino,Russia,RU,Europe/Moscow,wonderful ambiance,8/29/2026,6/8/2026
Beach House,Borgarnes,Iceland,IS,Atlantic/Reykjavik,perfect weather,7/27/2026,9/9/2026
Ski Resort,Wanagiri,Indonesia,ID,Asia/Makassar,wonderful ambiance,5/12/2026,8/17/2026
Beach Resort,Annan,China,CN,Asia/Shanghai,breath taking views,11/13/2026,1/23/2026
Tropical Bungalow,Velký Týnec,Czech Republic,CZ,Europe/Prague,perfect weather,3/24/2026,3/17/2026
Desert Oasis,Lebel-sur-Quévillon,Canada,CA,America/Montreal,serene atmosphere,12/8/2026,11/19/2026
Island Villa,Prawdzinski,Belarus,BY,Europe/Minsk,wonderful ambiance,5/17/2026,5/10/2026
Riverside Cabin,Nagrog,Indonesia,ID,Asia/Jakarta,amazing vibes,5/17/2026,2/27/2026
Tropical Island,Nanterre,France,FR,Europe/Paris,perfect weather,10/29/2026,10/14/2026
Lakeside Lodge,Xinzhou,China,CN,Asia/Chongqing,breath taking views,1/8/2026,7/15/2026
Glamping Tent,Ōzu,Japan,JP,Asia/Tokyo,serene atmosphere,11/30/2026,7/5/2026
Luxury Resort,Nanxia,China,CN,Asia/Shanghai,nostalgic vibes,3/16/2026,10/26/2026
City Apartment,Vahdat,Tajikistan,TJ,Asia/Dushanbe,wonderful ambiance,7/7/2026,11/1/2026
European Castle,Watulumbung,Indonesia,ID,Asia/Jakarta,perfect weather,11/16/2026,3/9/2026
Countryside Cottage,Daegu,South Korea,KR,Asia/Seoul,nostalgic vibes,12/20/2026,11/22/2026
Jungle Treehouse,Cha-am,Thailand,TH,Asia/Bangkok,beautiful scenery,9/19/2026,2/10/2026
Seaside Cottage,Ticllos,Peru,PE,America/Lima,breath taking views,9/15/2026,9/14/2026
Lakefront Cottage,Kisovec,Slovenia,SI,Europe/Ljubljana,amazing vibes,2/11/2026,8/1/2026
Lakeside Chalet,Komorniki,Poland,PL,Europe/Warsaw,amazing vibes,9/4/2026,4/30/2026
Jungle Bungalow,Uitiuhtuan,Indonesia,ID,Asia/Makassar,perfect weather,5/29/2026,3/3/2026
Lakefront Cottage,Pekijing,Indonesia,ID,Asia/Jakarta,wonderful ambiance,11/26/2026,3/29/2026
Historic Manor,Sudogda,Russia,RU,Europe/Moscow,perfect weather,5/4/2026,12/4/2026
Lakeside Chalet,Rizal,Philippines,PH,Asia/Manila,amazing vibes,3/4/2026,10/10/2026
Safari Tent,Shuitou,China,CN,Asia/Chongqing,perfect weather,10/10/2026,10/26/2026
Rainforest Lodge,Faro,Portugal,PT,Europe/Lisbon,beautiful scenery,11/2/2026,2/22/2026
Historic Manor,Mang’it Shahri,Uzbekistan,UZ,Asia/Samarkand,amazing vibes,4/6/2026,9/10/2026
Beachfront Villa,Qingnianlu,China,CN,Asia/Chongqing,beautiful scenery,3/18/2026,12/6/2026
Jungle Bungalow,Ash Shawātī,Yemen,YE,Asia/Riyadh,beautiful scenery,8/5/2026,1/24/2026
Rustic Farmhouse,Machico,Portugal,PT,Africa/Accra,breath taking views,7/1/2026,2/16/2026
City Penthouse,Ōnojō,Japan,JP,Asia/Tokyo,breath taking views,10/27/2026,10/21/2026
Safari Lodge,Taluksangay,Philippines,PH,Asia/Manila,wonderful ambiance,3/9/2026,9/3/2026
City Apartment,Claveria,Philippines,PH,Asia/Manila,serene atmosphere,6/12/2026,12/24/2026
Historic Mansion,Krajan Gading,Indonesia,ID,Asia/Jakarta,perfect weather,7/17/2026,11/4/2026
Treehouse Retreat,Haguenau,France,FR,Europe/Paris,breath taking views,3/14/2026,1/21/2026
Treehouse Retreat,Józefów,Poland,PL,Europe/Warsaw,wonderful ambiance,4/20/2026,11/12/2026
Safari Lodge,Laguna Salada,Dominican Republic,DO,America/Santo_Domingo,breath taking views,4/22/2026,7/17/2026
Ski Lodge,Troitskoye,Russia,RU,Europe/Moscow,wonderful ambiance,1/24/2026,2/9/2026
Cozy Cabin,Pagelaran,Indonesia,ID,Asia/Jakarta,nostalgic vibes,9/19/2026,10/4/2026
Lakeside Lodge,Jiuxian,China,CN,Asia/Shanghai,amazing vibes,8/12/2026,11/7/2026
European Castle,Blinsung,Philippines,PH,Asia/Manila,wonderful ambiance,1/8/2026,10/5/2026
Lakeside Lodge,Meïganga,Cameroon,CM,Africa/Douala,amazing vibes,5/18/2026,6/11/2026
Island Retreat,Zhongcun,China,CN,Asia/Chongqing,nostalgic vibes,12/1/2026,4/26/2026
